event_time_utc,source,ags,municipality_name,event_type,details_json
2026-03-08T19:08:38.511493+00:00,kommone,08437124,Herdwangen-Schönach,RESULT_UPDATED,"{""current_hash"": ""87f4ef3e1bec8f33f94b3f87f590b4ac7ea5d9bc7adefdb77ccd5855f284f5a4"", ""previous_hash"": ""cb9a872e34f28f2b4a94588d6852a9df3bf082834fdcfaaf0d0b4dd7c582a0e7""}"
2026-03-08T19:08:38.511473+00:00,kommone,08437123,Sauldorf,RESULT_UPDATED,"{""current_hash"": ""b6f8156d004d3fa688cd2f3929b850efff04b39f07caac9ee91b10453f325649"", ""previous_hash"": ""1ba3d0e771193380cbfc2480a4214b54337fbcf55c45fef999ec304713b7350d""}"
2026-03-08T19:08:38.511447+00:00,kommone,08437114,"Veringenstadt, Stadt",RESULT_UPDATED,"{""current_hash"": ""88f15f29bf742b579176e4a463f042b014526efdabffae9808e34eb17c5ae397"", ""previous_hash"": ""5a528dd80bcb8ff639a0e204a6925614c3fb0190f55c04ee74c472aa328fea9b""}"
2026-03-08T19:08:38.511428+00:00,kommone,08437107,Stetten am kalten Markt,RESULT_UPDATED,"{""current_hash"": ""601da7b09e0108bfbb815991b3b15e9b523fc30cff229acd2fe7573a9eabe487"", ""previous_hash"": ""268e1a221f9906c99de942add4c86b8765f3eceef669da9878d59b41b5a83c18""}"
2026-03-08T19:08:38.511406+00:00,kommone,08437105,Sigmaringendorf,RESULT_UPDATED,"{""current_hash"": ""b69b2493915f25950198232ada9eaf4c179c1d5e998396e26aba9a2a2e2b7f62"", ""previous_hash"": ""76ada4693bb478ae6cf80f6d0b00c3527c72a8d7d061699ff9ba49c80e09010f""}"
2026-03-08T19:08:38.511386+00:00,kommone,08437104,"Sigmaringen, Stadt",RESULT_UPDATED,"{""current_hash"": ""c7a71be4a02fa825d7d246d180e1ad93d57220eb2997c3b53111097f314982fb"", ""previous_hash"": ""b1b8909750fa363434732df59b6a895ef191854a2a9d90ecd0589fea75b470eb""}"
2026-03-08T19:08:38.511354+00:00,kommone,08437101,"Scheer, Stadt",RESULT_UPDATED,"{""current_hash"": ""72f97fa30766f31564ebb4e938d050ccb45af57e9f2e9d93718e826b6c59f467"", ""previous_hash"": ""a3ac1ffaa6a0b7b2cef11688256bb1a56862eee622e23fdbf40a49f7e98b5742""}"
2026-03-08T19:08:38.511320+00:00,kommone,08437100,"Bad Saulgau, Stadt",RESULT_UPDATED,"{""current_hash"": ""c63a5e7224e70e1f6a47d64c8f666a4f997bd2e55f196924f3be9c51edd6e937"", ""previous_hash"": ""6cb9cc0fce38707430edf835e78655cc7bc00b3eeb603860b0f24133151d644b""}"
2026-03-08T19:08:38.511302+00:00,kommone,08437088,"Pfullendorf, Stadt",RESULT_UPDATED,"{""current_hash"": ""6c7cd5852b72ccf2c031aeaa2a045b8079776fea27ddb11937e9410c9afb15cc"", ""previous_hash"": ""b13b81d7d4c88edc80878696350f86383fe8503ca3d13a7a1bbfd3d32166002a""}"
2026-03-08T19:08:38.511283+00:00,kommone,08437086,Ostrach,RESULT_UPDATED,"{""current_hash"": ""481fdbd6c1c2becefa7c5ae1324d886164339f273f33a38ae52e73dfdd7ff983"", ""previous_hash"": ""1087db11a21008648eedf68c2ce53ba1c40545a20ed59433f12ffcf32e489cdd""}"
2026-03-08T19:08:38.511256+00:00,kommone,08437078,"Meßkirch, Stadt",RESULT_UPDATED,"{""current_hash"": ""9e47da779bc56e3cba141e1f556148df2eabc13873d48e8914ed7d47ff6d730e"", ""previous_hash"": ""fb174f26ca25962db62c51410beac297d8f96aedf9e6123d5164fcebec87cfae""}"
2026-03-08T19:08:38.511237+00:00,kommone,08437076,"Mengen, Stadt",RESULT_UPDATED,"{""current_hash"": ""5b42168213459d417e2f83b350995595d3c13bd669c8104ac0b6449bdeb5f681"", ""previous_hash"": ""3670be96fdb8cb6998c50e91da75694e7f6ce82de9022c41df14bdb5e3398a01""}"
2026-03-08T19:08:38.511185+00:00,kommone,08437053,Hohentengen,RESULT_UPDATED,"{""current_hash"": ""751297162f5f01cf42dede4244068b1e960b19adc3935ce542f92dbb6e8b112b"", ""previous_hash"": ""36a37984962a958d922ba347bb6541cba0b98f472905ae1cbfb93e508db0dc76""}"
2026-03-08T19:08:38.511158+00:00,kommone,08437044,Herbertingen,RESULT_UPDATED,"{""current_hash"": ""acfd50cb34348e313e658bed0acba0ec1170ae5a7c4f2b841c09c6328d8cbf9f"", ""previous_hash"": ""6b181dc929313910c027db4320f2e300ad150e4b33ac80d59171b6399f9c26f3""}"
2026-03-08T19:08:38.511137+00:00,kommone,08437031,"Gammertingen, Stadt",RESULT_UPDATED,"{""current_hash"": ""246546fb5acc430c71a58e57caa2807c87fed938ea0323f173d097ad45aaa0f1"", ""previous_hash"": ""7f84165ae056de318db1d972a4c07a58d06050823b767e0e56c91becb38f1017""}"
2026-03-08T19:08:38.510740+00:00,kommone,08435059,"Überlingen, Stadt",RESULT_UPDATED,"{""current_hash"": ""b34384a78d555b83f688d0d6702bef375412dd29a3369d14096727ff8c457606"", ""previous_hash"": ""781236f1e3d52717d5f81f8f87ac81336abb67a923e936850217dcd4a4673e69""}"
2026-03-08T19:08:38.510686+00:00,kommone,08435052,Salem,RESULT_UPDATED,"{""current_hash"": ""9ddce83fe8b5238720b18abac4a05dfec331e97ea5d6e2167e989984e1100398"", ""previous_hash"": ""090463134691ee64987db0a08fad9cf17bab9096b40b786438f795f6416691e1""}"
2026-03-08T19:08:38.510666+00:00,kommone,08435047,Owingen,RESULT_UPDATED,"{""current_hash"": ""bfbd80a13290bac2713532063a8d171bd2424c72f5a15007850c43115ffce925"", ""previous_hash"": ""ad8e7973e7efc422fba9fa7bb4f39e0e606595ce83740f2144210bfdfb8171a3""}"
2026-03-08T19:08:38.510631+00:00,kommone,08435036,"Meersburg, Stadt",RESULT_UPDATED,"{""current_hash"": ""aed6b2fc81a81d3a4d3175778841a185269a8b52cf72f0fef6a3a5539a99161a"", ""previous_hash"": ""20da90604650d8bcdecdec9a38f5b3c48a1a4dc448f7149fc07476dd0e80e3e7""}"
2026-03-08T19:08:38.510593+00:00,kommone,08435030,Langenargen,RESULT_UPDATED,"{""current_hash"": ""946683a7d611c1ec71a9a1dabb7db967c290e4658717f5e95ec4e472a9f72d1d"", ""previous_hash"": ""e05098e252995614177574de3dfcc257b26d341a5205dc045114f161fe269022""}"
2026-03-08T19:08:38.510557+00:00,kommone,08435020,Heiligenberg,RESULT_UPDATED,"{""current_hash"": ""4fb1309303d9fd2b9fc2d8c5d41990b93010b7409026a7bc8db91e4a97e41546"", ""previous_hash"": ""e305be0dc03997318a071b1a43f66397fb0c13701ddbdb9a7348975887d03f64""}"
2026-03-08T19:08:38.510527+00:00,kommone,08435016,"Friedrichshafen, Stadt",RESULT_UPDATED,"{""current_hash"": ""0184d1688959d86bad8e2e781cb2a1f6eccb144a9935635350dfc49fd46a7a4a"", ""previous_hash"": ""0e2d8ea7060e4997fe31655e0ee3cd7919328d61730c1c1f052c425cb9e236f7""}"
2026-03-08T19:08:38.510484+00:00,kommone,08435005,Bermatingen,RESULT_UPDATED,"{""current_hash"": ""0965a3009550dc3c1e6ec6cfe058e38714e565dc8816a796746021ca9d7b2089"", ""previous_hash"": ""61942619e8f60c14d94d73a28e63db6009e9b21628fa35e4053792e1c059fa18""}"
2026-03-08T19:08:38.510450+00:00,kommone,08426128,Warthausen,RESULT_UPDATED,"{""current_hash"": ""8f1105b533cf63b815bf98b3f3b7c461521b5533de76263a097abed4faadd8b7"", ""previous_hash"": ""00f9510261a61fc2f091595f843fa3140b4eb6297bf654a34797455ccfeb5a75""}"
2026-03-08T19:08:38.510414+00:00,kommone,08426121,Unlingen,RESULT_UPDATED,"{""current_hash"": ""0c343df4f3249ba90716fd7ed97e435cb3da5912ebcc28457af15727e1b74778"", ""previous_hash"": ""d477c3be2149fa557f263ebb652d3e941f8de57cfab1011d6bebbef24eb73962""}"
2026-03-08T19:08:38.510395+00:00,kommone,08426120,Ummendorf,RESULT_UPDATED,"{""current_hash"": ""b0b7fe8c4f3bf458edcc15e9218823cfdbf7f8cf038276837a4dc1db1e9caa7e"", ""previous_hash"": ""0d0f646cdde6ff4798b7e32bd8214ffc3a0a24808c7afd0f6be2f8196aeef2ea""}"
2026-03-08T19:08:38.510335+00:00,kommone,08426108,Schwendi,RESULT_UPDATED,"{""current_hash"": ""bc9f404ff7acc99d3b1318888d326dc4250cec390cf4d085cd2c87c5aad1131c"", ""previous_hash"": ""218cecfbaa1de4c40c0c33387422f0d84ddaa59da00b818e441afa44f439e891""}"
2026-03-08T19:08:38.510295+00:00,kommone,08426097,"Riedlingen, Stadt",RESULT_UPDATED,"{""current_hash"": ""6e3ebd7ddc69b37e7efb4611fb044204bbe3330c16918d270a7a6df4927bf9d6"", ""previous_hash"": ""f58a02180d1ca0af21021ab6bdb05583867a1002e27fcf6baca915fa147eb2d0""}"
2026-03-08T19:08:38.510254+00:00,kommone,08426074,Mittelbiberach,RESULT_UPDATED,"{""current_hash"": ""2174f3a09b35a1b4a15be6e05c9d68065d093785aa05e426cd0de3fbca5ffbb6"", ""previous_hash"": ""65e673918bf52d746c02b33e95da8c4e7eafb5af66598db4ff27ef870dbf8374""}"
2026-03-08T19:08:38.510235+00:00,kommone,08426073,Mietingen,RESULT_UPDATED,"{""current_hash"": ""a192b059193ea72394c389e400374c7194437a7d304adc3b6d3b574fbe53bc4d"", ""previous_hash"": ""81ffc25f2ba7ed286638967ec2d95f73b36ad800438df78f3b591dba8963d781""}"
2026-03-08T19:08:38.510208+00:00,kommone,08426070,"Laupheim, Stadt",RESULT_UPDATED,"{""current_hash"": ""03a1a35c24d853bc815ddf1e3583bd6e0f978884a757f8cee87349d73840e564"", ""previous_hash"": ""8315248c0df6848d7fd04952ff910757788b40d987ae42d822c415504896fe92""}"
2026-03-08T19:08:38.510185+00:00,kommone,08426067,Langenenslingen,RESULT_UPDATED,"{""current_hash"": ""c525dc101398a9f7c73c2320feed88747781d3e76c85f758a5c177e4517ced3e"", ""previous_hash"": ""ad87327c654128828d6e23b4aeea768b372105f82cfa5d3ea73c396a54f45401""}"
2026-03-08T19:08:38.510128+00:00,kommone,08426045,Ertingen,RESULT_UPDATED,"{""current_hash"": ""3e74a75e73c6c0258a9596241ad2de719d9119db5461c720e506672874c55120"", ""previous_hash"": ""6994a0c4876012ca2ec2f68ee51543a6f87fbf30a6a88bb65073441d7d856399""}"
2026-03-08T19:08:38.510101+00:00,kommone,08426043,Erlenmoos,RESULT_UPDATED,"{""current_hash"": ""16365f521ae121a99c7554fd05d18ab31abf51ad3880835107a10bf355e87353"", ""previous_hash"": ""b98585948b306f78ad34f2694f0b89f7c2ca6e72c3bd91ec67117d85621c6543""}"
2026-03-08T19:08:38.510082+00:00,kommone,08426038,Eberhardzell,RESULT_UPDATED,"{""current_hash"": ""ace10defb1a1cf49e22fb20d9c0d266d6e7a5b08b8437ceace743696126f75dd"", ""previous_hash"": ""3a84a37b3b52cb58e4bbc53a3bd89ce3d6466ce2376ee200a0ca13d3b120ec20""}"
2026-03-08T19:08:38.510030+00:00,kommone,08426021,"Biberach an der Riß, Stadt",RESULT_UPDATED,"{""current_hash"": ""f97d662f095334ff602ed8bba39e1aa9c5fe503cf805d12c4850bfa71daec6d6"", ""previous_hash"": ""c7875bb811849ef2273abbd3370ddf94df96a8acf9e08b8381118d10d79fdc77""}"
2026-03-08T19:08:38.509990+00:00,kommone,08426014,"Bad Schussenried, Stadt",RESULT_UPDATED,"{""current_hash"": ""5bd4d89145f19b2797bee2ee90e45e746f0e717147e3951ec1b484a3bdd5553a"", ""previous_hash"": ""31a71282cebd497a492cde076f36d6d045689ef3cc14326e7164af2a5ab3d6c8""}"
2026-03-08T19:08:38.509971+00:00,kommone,08426013,"Bad Buchau, Stadt",RESULT_UPDATED,"{""current_hash"": ""396297e4cf5c2000d8db8aac16931152c670fc8b7cd9bd65679631fa2e2f0950"", ""previous_hash"": ""374bef386d74d9d8f8013d3f8816fc0e5f62ba127c1fcf1c7fa19a136ad90b2e""}"
2026-03-08T19:08:38.509914+00:00,kommone,08426001,Achstetten,RESULT_UPDATED,"{""current_hash"": ""ccb8e94f64a9186818136d02409bc6dc711dc01b8a6fbad69343bc916f07f9c6"", ""previous_hash"": ""def80be91a17c359bd5e248dae95b228061c5bd23930b91994ad286bca1fc732""}"
2026-03-08T19:08:38.509867+00:00,kommone,08425139,Heroldstatt,RESULT_ADDED,"{""reported_precincts"": null, ""total_precincts"": null}"
2026-03-08T19:08:38.509833+00:00,kommone,08425135,Westerstetten,RESULT_UPDATED,"{""current_hash"": ""80e6b7ded1826eaa3373ec522d59331fe89643003974dcf4fce43343772cefd0"", ""previous_hash"": ""67ce73b35cde93335cd86137ae438203872c365623a64cf537bc7019da35239f""}"
2026-03-08T19:08:38.509814+00:00,kommone,08425134,Westerheim,RESULT_UPDATED,"{""current_hash"": ""b8caa15da1257268b588943f971c5a8c4dc7d6d9294a4d473b2bf7db94ae7181"", ""previous_hash"": ""41960cc9898413b797f6712bb10f5f008337650bb37a943b23017182555ae964""}"
2026-03-08T19:08:38.509783+00:00,kommone,08425125,Unterwachingen,RESULT_UPDATED,"{""current_hash"": ""8175f6f87de4f5067bb5893548f3a0d9fd0aa81b6c0eededbeac2eb7bad804b9"", ""previous_hash"": ""78189841c3afc903db61c88a68bd40a0fc4810cb8c655e577bb5d7229cab9cd8""}"
2026-03-08T19:08:38.509748+00:00,kommone,08425112,Setzingen,RESULT_UPDATED,"{""current_hash"": ""b03e61c8d4b8df5c224fda73da17bed0bb6b223904c3426f257120d0dfa2ba1a"", ""previous_hash"": ""81f41ecfd6c33c883e45bd07f53739b1ee3d7b9bee73cbe1656d8188352dd1cc""}"
2026-03-08T19:08:38.509698+00:00,kommone,08425097,Rammingen,RESULT_UPDATED,"{""current_hash"": ""ebc0a24a229d8710fbe8deacd9208a861c719d67b0579af4cb621edde0d54fee"", ""previous_hash"": ""0f586d898f2b29bccfb189859a6ccfade6c2b4a18df743793fdb7f009265d3ea""}"
2026-03-08T19:08:38.509646+00:00,kommone,08425088,Oberdischingen,RESULT_UPDATED,"{""current_hash"": ""f66691c45c00c2f678e402398e76731d820c45b6356d464befe6245eb510d669"", ""previous_hash"": ""8c1b7f378ea9728cad461b85dc748c43d41de2905f6dfa3e0545e0e488f84db6""}"
2026-03-08T19:08:38.509579+00:00,kommone,08425073,Lauterach,RESULT_UPDATED,"{""current_hash"": ""f66043a64aa7e68ae4e3d51272574ea21f05725e73cf32fc4d714ece209b630b"", ""previous_hash"": ""b7ee715ddcf3275d21c6238e6792ccb4ffa1e0c7d183131a501eb5dc5fc08682""}"
2026-03-08T19:08:38.509557+00:00,kommone,08425072,"Langenau, Stadt",RESULT_UPDATED,"{""current_hash"": ""471e35fcfb72d1d29d38ad0d54615bd3683a7772b6644d4ec0146ef21a6009c5"", ""previous_hash"": ""64abec9cd7cfea6f033b561cdeedc08eba01a0f1404d2379fdba8e1b62272f97""}"
2026-03-08T19:08:38.509538+00:00,kommone,08425071,"Laichingen, Stadt",RESULT_UPDATED,"{""current_hash"": ""3b423ad3915a97fd63bf72aea8e6760d6004f238f2f1379ca6691a12743821f6"", ""previous_hash"": ""b076e9c4fac2d868b499350a2115675d3cd1b3e2bc68fe91a6744ab451dbe6b0""}"
2026-03-08T19:08:38.509496+00:00,kommone,08425055,Hausen am Bussen,RESULT_UPDATED,"{""current_hash"": ""565a3c1a7133da61d9935179308543175a8526b84c8396ae5a489a27517390a4"", ""previous_hash"": ""c1eea7126454937c09a157583199c3f2f7ec0edc101c3ec807df713a30937d92""}"
2026-03-08T19:08:38.509478+00:00,kommone,08425052,Grundsheim,RESULT_UPDATED,"{""current_hash"": ""0a1dcea23c8188af305a76e3feb6df81b05744531120c9718d6ef4818e6a4997"", ""previous_hash"": ""73e6b0f40fbadee4b20c4845f1e1aed38d5bdbb717a39742e10e8436f4a64589""}"
2026-03-08T19:08:38.509460+00:00,kommone,08425050,Griesingen,RESULT_UPDATED,"{""current_hash"": ""b2fbc77a6ed50355f266c8cf9081b2c0d55ed7392adec9625509897858137fd5"", ""previous_hash"": ""974aa6853b71c1f592eef99395fbae9e41a3de6bd8aef0e83aaee2f8cf43558e""}"
2026-03-08T19:08:38.509409+00:00,kommone,08425031,Dornstadt,RESULT_UPDATED,"{""current_hash"": ""2fbf35203cf07abf539a4689e6f87e5fd5c6637898060ebd37361597439b4732"", ""previous_hash"": ""277593291e10f7fe0dcbfc3dbb2dadcae823476159c7b31a77ea7f5362d5f38a""}"
2026-03-08T19:08:38.509381+00:00,kommone,08425024,Breitingen,RESULT_UPDATED,"{""current_hash"": ""06e36714ec0e14144bda7fb44e7e8da80126c40656944839e1b1f801336f60cd"", ""previous_hash"": ""863a0f00585932863ce23d4464d9dad0f4e77a353185d1c7c9ac6c7ec82e2f87""}"
2026-03-08T19:08:38.509362+00:00,kommone,08425022,Börslingen,RESULT_UPDATED,"{""current_hash"": ""646ada2fac9625049159a1e7ad524fd189c19a2d7e6045f3165e2ff39ce916c7"", ""previous_hash"": ""cbcfa8e5889cbdec749f4af8c725484142f62042723d7ecc380a74960e7094d3""}"
2026-03-08T19:08:38.509341+00:00,kommone,08425020,"Blaubeuren, Stadt",RESULT_UPDATED,"{""current_hash"": ""00f725f2564f1ac8bc93ae1ac1519fb0ca68da72a6b5180eb5c98ee7fad16cae"", ""previous_hash"": ""bfad704df5d0da7c03b5a912105ef66bac7db5209cfab95d1c79a6f9a74f3dba""}"
2026-03-08T19:08:38.509308+00:00,kommone,08425019,Bernstadt,RESULT_UPDATED,"{""current_hash"": ""ad45a7c71a199d4d89eb28b9809fbe4e1408e02e519172f53daa9ef83bea8317"", ""previous_hash"": ""089773c12053a078e03846b3550111c26c0c73fe9078f0bb68827656fdfbdfd4""}"
2026-03-08T19:08:38.509265+00:00,kommone,08425011,Asselfingen,RESULT_UPDATED,"{""current_hash"": ""196c79ea7f99863052853cca9bbb7475342699a23817191a7860d53a4dc786cb"", ""previous_hash"": ""6d1ad165e5ccd1f06ac12ec95729a5539e499bc87da1386c8e110a2a3351bd8c""}"
2026-03-08T19:08:38.509246+00:00,kommone,08425008,Amstetten,RESULT_UPDATED,"{""current_hash"": ""8d49f885d4dff726bc84bc6b77434987cfa67ac29a0d1544885dab5eeb7a62ba"", ""previous_hash"": ""fdd7ad1088465cded4c47a9aff4b6316b3ac6fcbbf04dc96bf88dec7e01dfa10""}"
2026-03-08T19:08:38.509206+00:00,kommone,08425002,Allmendingen,RESULT_UPDATED,"{""current_hash"": ""6d36903b9004b9f29ec5c9cf39534573707c3b0eb2e6c648a3d5da7d0b33197e"", ""previous_hash"": ""fcead5a6bdf733e049191822edb89275c3a6298accc4b0eeadf45ed69f1156fd""}"
2026-03-08T19:08:38.509168+00:00,kommone,08417079,"Albstadt, Stadt",RESULT_UPDATED,"{""current_hash"": ""90a1d4af89fe13ccd12440203349980fb7600f36ea77e0c7edd82e065f194b1f"", ""previous_hash"": ""087455102765bab2773a5562f4f5ea1e524898e6369b6717bf4cb3eca8f8f0d1""}"
2026-03-08T19:08:38.509149+00:00,kommone,08417078,Zimmern unter der Burg,RESULT_UPDATED,"{""current_hash"": ""8456e06ad84d4d67c864132e706bc087b9b241e1dbb20657564fe7dcc4be805e"", ""previous_hash"": ""ec2ed43edfc2647aa9900d7b0b4b94e8074590aa9e3bf95c510617429f1fc275""}"
2026-03-08T19:08:38.509130+00:00,kommone,08417075,Winterlingen,RESULT_UPDATED,"{""current_hash"": ""4ad6dc65e06854ca347884544f58a825f72cce9a7a53274d8a660cfc8b41eb26"", ""previous_hash"": ""8aae99d54369cab12467b7c43b266a7dba13e8c1a290294c190a05c03f88ac0d""}"
2026-03-08T19:08:38.509111+00:00,kommone,08417071,Weilen unter den Rinnen,RESULT_UPDATED,"{""current_hash"": ""ac12c815d23f24cb9c8fb1d3fa19e1427d3fcb1c47e419c9bcb41fc2d417eeb3"", ""previous_hash"": ""a224505b01630ec17d1e7d496b30f474a63a0bc0960ceb9714b403c3aebddbd9""}"
2026-03-08T19:08:38.509089+00:00,kommone,08417063,Straßberg,RESULT_UPDATED,"{""current_hash"": ""af098cb21e97165b86333ef48f7ff0e6ce64dd97422826257caf07ab0539b554"", ""previous_hash"": ""fca135d654f41fe308c83a36fe868eebce2ee9b16f06eb5e858d011adf9c4e27""}"
2026-03-08T19:08:38.509054+00:00,kommone,08417052,Ratshausen,RESULT_UPDATED,"{""current_hash"": ""66dab6bad29dfc1973177bb58afab447579e0ef8a9e303108e46909c5ca24384"", ""previous_hash"": ""c6b53d7135762bf0ce0a162a7f4ced21c17a5cf455a873a01fc84475c10d4f43""}"
2026-03-08T19:08:38.509028+00:00,kommone,08417051,Rangendingen,RESULT_UPDATED,"{""current_hash"": ""0e0536b1ef2bc313bb9f3fcdba10887acd798b7cbd6fc2744f6936fc3496a3b1"", ""previous_hash"": ""0c94d6793d519a6420b796b8c3e701fa5e0c15fc4a5f495355bddb1ed1666dbe""}"
2026-03-08T19:08:38.508990+00:00,kommone,08417044,"Meßstetten, Stadt",RESULT_UPDATED,"{""current_hash"": ""df231aa6e2e507376911c5dfe77c572e0f1b889e50fbc6bd78290395297c49bb"", ""previous_hash"": ""757edf1ee35d02661e63e6b293c7b668bfb5ec1545577dc3f08ccbc67c5cac9d""}"
2026-03-08T19:08:38.508955+00:00,kommone,08417029,Hausen am Tann,RESULT_UPDATED,"{""current_hash"": ""bd32a1877019c6f2132ce2156590a99816559fa753bd441841163ee0508112da"", ""previous_hash"": ""f3d2df7df1a0d807ab92665c93c8bd9a8944d59401728509a5c299ed4e4e87d2""}"
2026-03-08T19:08:38.508937+00:00,kommone,08417025,"Haigerloch, Stadt",RESULT_UPDATED,"{""current_hash"": ""5390e8ec3b758a67b596a455ce72bc6cb9d2d6b08766d489af3b26d69564c562"", ""previous_hash"": ""c4e176cac68e201300bfb40681c0f34353947da21e8ea984563a6429dbc2547f""}"
2026-03-08T19:08:38.508909+00:00,kommone,08417022,"Geislingen, Stadt",RESULT_UPDATED,"{""current_hash"": ""de796f836d405310364168d2945067d4961f3981fd2266b93e6b7eccfdb56658"", ""previous_hash"": ""7048b1c4dffa27fc207114fc85b9d2a7f179c0c5eb46ca307420cc6673d2ae4d""}"
2026-03-08T19:08:38.508879+00:00,kommone,08417015,Dormettingen,RESULT_UPDATED,"{""current_hash"": ""736a7f267efc8096d2f9ae577b5309cab7ff6fa1854bbbea6132d4d574dc1b65"", ""previous_hash"": ""53ebc5e8d103954d75b96a0815edfad18c432ee83aa2d59c5c7c0af57b0ec731""}"
2026-03-08T19:08:38.508860+00:00,kommone,08417014,Dautmergen,RESULT_UPDATED,"{""current_hash"": ""0f3db4075edb6edd1d0cde63f627041558b69c4d3397ddab7c9c5dd1c3b40c8a"", ""previous_hash"": ""a7744bc1e656aa4d5e214b95fa63be5b4786aa64406ced060f6e67c8b35989e0""}"
2026-03-08T19:08:38.508823+00:00,kommone,08417008,Bisingen,RESULT_UPDATED,"{""current_hash"": ""5d496bd708eb4ce752ac4350a928e0be50cd9b82baa22e30bb758dcdd5060d66"", ""previous_hash"": ""eabac492a78a14649f5c404152375a3c6ddfe2e219b90a6b1415da32f9c721d6""}"
2026-03-08T19:08:38.508806+00:00,kommone,08417002,"Balingen, Stadt",RESULT_UPDATED,"{""current_hash"": ""b1af5974c0fd8f9fd8e20daa9605fd9bdc40502712bd8afa20b9b5c31dc00ab4"", ""previous_hash"": ""b081a16a8e429c020d19e49b454a95105c248cfb9678d85e662cd2fe7508ed7e""}"
2026-03-08T19:08:38.508788+00:00,kommone,08416050,Starzach,RESULT_UPDATED,"{""current_hash"": ""93a5a8e1daaa6774d7acece8b0fddb8b518d22f2bbe3f39035f75ca1b5334059"", ""previous_hash"": ""e38ccb3853ed1273e6fe9bcb9ea5774a374298c2a188e0191bb15dbb5a827d68""}"
2026-03-08T19:08:38.508769+00:00,kommone,08416049,Neustetten,RESULT_UPDATED,"{""current_hash"": ""04681bd3337c7ec5da6606b4d223953ea0e6fbaa9039b931db0c8490e77d1a25"", ""previous_hash"": ""c67b37c530035adfd0f7f09c8be265f90316e853e320a16fcb090be7d39bd531""}"
2026-03-08T19:08:38.508750+00:00,kommone,08416048,Ammerbuch,RESULT_UPDATED,"{""current_hash"": ""2dc555749ad8f04e26fe5c4af1886ff2c13bfa7cda4dcc5ea9ab6507ee2020e4"", ""previous_hash"": ""100d77c501d6d7d3a483d12f18392b0279c782ce0b56ea16ef893933ad3f6b00""}"
2026-03-08T19:08:38.508732+00:00,kommone,08416041,"Tübingen, Universitätsstadt",RESULT_UPDATED,"{""current_hash"": ""9ddf3ce28496a584ebd950d92bc84d542fda05cda0fb68db092057a79c341979"", ""previous_hash"": ""e99068ddc5860bcf56a3573afdefabd2e92c0847f17807447f24c8f8232f77a4""}"
2026-03-08T19:08:38.508713+00:00,kommone,08416036,"Rottenburg am Neckar, Stadt",RESULT_UPDATED,"{""current_hash"": ""2d91907bfb1467bad1a23baae66597cd3e25bfaaa4053e4eb833ab367d451aa6"", ""previous_hash"": ""8903b5256c3d25d65da270086c30cbb1a20c496a774644a80a9b5e57a3de63b9""}"
2026-03-08T19:08:38.508694+00:00,kommone,08416031,Ofterdingen,RESULT_UPDATED,"{""current_hash"": ""e8493a92b14a5ac3692d4b78b79b72e21b04dd57e73cce95be055d6db7231a36"", ""previous_hash"": ""d5780282bea145d409fc7070d18eb62bbe2c54d0fc10b9d97bad979e18e8ae35""}"
2026-03-08T19:08:38.508667+00:00,kommone,08416025,"Mössingen, Stadt",RESULT_UPDATED,"{""current_hash"": ""16b0d37c03e3b7ffe49ff7b99565c53f214447e45c1a1aaa861f50171d4e2c1d"", ""previous_hash"": ""680365a61073bfd16deacf44eea668567ec77b3099ec816ffc34a54d6d9be4ff""}"
2026-03-08T19:08:38.508602+00:00,kommone,08416009,Dettenhausen,RESULT_UPDATED,"{""current_hash"": ""3907ff63c949657f8e66b274b3ac39dfa24a0f400f093ccd378a56ec491e4c3a"", ""previous_hash"": ""60502299bf90f28438ddfe6e61eebd0582b510c18656e6695e78d8979180a8a0""}"
2026-03-08T19:08:38.508578+00:00,kommone,08416006,Bodelshausen,RESULT_UPDATED,"{""current_hash"": ""7c79cfafc87568ad9cf6685e0004b8109367144fca81307fd99f35ec1179c21f"", ""previous_hash"": ""fdd0b4bafc3619b3d5bf9702e9c1b459fb5a884ec0cf9ee38de93419a0e77d80""}"
2026-03-08T19:08:38.508300+00:00,kommone,08337126,"Waldshut-Tiengen, Stadt",RESULT_UPDATED,"{""current_hash"": ""af5ed00dba79947439976a24acee6f952cd404f786e9bc19437447eabe8b1995"", ""previous_hash"": ""c49e62c4ce637dc96a4646f3413a55efdced416b3e1772ac057a83c3dbdd572e""}"
2026-03-08T19:08:38.508281+00:00,kommone,08337125,Küssaberg,RESULT_UPDATED,"{""current_hash"": ""46069741e1c3ea209862f5af51c7d6a993eeea41423a7fe3de72e967e3bc086f"", ""previous_hash"": ""651ec1cd475e3ac766e3a9c05d071883a31dd0c6bf3295b4e86c799ed81b0c1d""}"
2026-03-08T19:08:38.508251+00:00,kommone,08337123,Wutöschingen,RESULT_UPDATED,"{""current_hash"": ""7217e2d1327505eb7756d8b06f775165c22139475df6097ca56fb4e17b889888"", ""previous_hash"": ""7cd513c332c6b6eefc854e23df67ea98c1c0dc6f191f972ee3b9e9061e71e707""}"
2026-03-08T19:08:38.508205+00:00,kommone,08337106,"Stühlingen, Stadt",RESULT_UPDATED,"{""current_hash"": ""884b2cde2aead0023841e350201ac736dc8f173b467d47ff2043bb7524080949"", ""previous_hash"": ""751452a8d555f8a3bb1c1a739344dfac0917cc78d1f974ca229c42d2e68f2c4a""}"
2026-03-08T19:08:38.508176+00:00,kommone,08337096,"Bad Säckingen, Stadt",RESULT_UPDATED,"{""current_hash"": ""20f404048dd55b5fd7eb7a488eb6dbad3aba44d5c298e5aa3cffa29da31a497d"", ""previous_hash"": ""12bda08f8aa9dc283145a33c9371341acbb82c5eecec56d76a82cb900c1be789""}"
2026-03-08T19:08:38.508158+00:00,kommone,08337090,Rickenbach,RESULT_UPDATED,"{""current_hash"": ""8cf268e2dbe76997fad2b075fcf6e1b5104f542e2b89234c7f3bc19642086947"", ""previous_hash"": ""dde43e3b8329a1e19dfb9c8e570aa8927b8dec042d478138a5808fa750942481""}"
2026-03-08T19:08:38.508139+00:00,kommone,08337076,Murg,RESULT_UPDATED,"{""current_hash"": ""766eb607454399de7fe0226bd90a4598beed5effaeac943baf5ca963442f2fc4"", ""previous_hash"": ""8dbad9116b1f445915263d3668bcebe6c159e3f46d9472bca9c38daf72630292""}"
2026-03-08T19:08:38.508096+00:00,kommone,08337062,Klettgau,RESULT_UPDATED,"{""current_hash"": ""770fecd4a34ef87abbf341a7b6f00e530b354d61bcb9f97298fccac38252d5fe"", ""previous_hash"": ""57eeea5a9cafb00a47af2019fc7ca4e888d05dfe53f8cbad9ecba6c7c3a934c1""}"
2026-03-08T19:08:38.508058+00:00,kommone,08337053,Hohentengen am Hochrhein,RESULT_UPDATED,"{""current_hash"": ""3a1aff9928d91145a6040f8e5718b7c533054503b8b7e0b91c93f8ec476ad089"", ""previous_hash"": ""99deae096705419bf2ba5f5cbc0890f7d3241ced32d73f3a34d13c723eac42e3""}"
2026-03-08T19:08:38.508003+00:00,kommone,08337038,Görwihl,RESULT_UPDATED,"{""current_hash"": ""d0641d38bbe4ddd44beee7280659632f63e2b6ca1d7a4152c2d435e8a7f72706"", ""previous_hash"": ""60280a253a1a91fca01c3e59330239ba65c9322d8ebfb7f9b37f8da394a8a6ce""}"
2026-03-08T19:08:38.507940+00:00,kommone,08337002,Albbruck,RESULT_UPDATED,"{""current_hash"": ""fce02fe2ef1616c7919077ee8c22d398b92147ff58f03ccaf7c872fb73dd6d81"", ""previous_hash"": ""0dc22c8e8941efd028efe1cbf3f11e676c51ace6b6a17460b6ffbe9cf97fa9e2""}"
2026-03-08T19:08:38.507892+00:00,kommone,08336105,Grenzach-Wyhlen,RESULT_UPDATED,"{""current_hash"": ""c0a6d2a9ea32decc4fab25c368cb282f684d5499db360cbc5c1cd28930f57489"", ""previous_hash"": ""632941786c3bdb69dca684133ac1f105dcdbcc867eca548ca9e007d4fb66ca95""}"
2026-03-08T19:08:38.507827+00:00,kommone,08336091,"Weil am Rhein, Stadt",RESULT_UPDATED,"{""current_hash"": ""a74460ea85a5e8b25126d7dbf358781ae20b0981f96d943c4b071b5ee8c68dd5"", ""previous_hash"": ""c30cba8db0a1f61f47bed33703a79ac2988e920f90e8dee81e00cddd0b37ebb5""}"
2026-03-08T19:08:38.507789+00:00,kommone,08336087,"Todtnau, Stadt",RESULT_UPDATED,"{""current_hash"": ""cf12813f8d2e42441b3ae23a01064969e4bda3fec1ed4563181151c764ceecb9"", ""previous_hash"": ""b0b7d08cb6f40f55f204263848897443e1e6b0dcb3041149948d1362ff271251""}"
2026-03-08T19:08:38.507771+00:00,kommone,08336084,Steinen,RESULT_UPDATED,"{""current_hash"": ""739a60c20cb20a8e750ed297b01042388622d75ebaf5cec8874a3c21466a0fe6"", ""previous_hash"": ""e057f3ea513ad6eceec429183b098629f627dab932fff485326a72712405b601""}"
2026-03-08T19:08:38.507753+00:00,kommone,08336082,Schwörstadt,RESULT_UPDATED,"{""current_hash"": ""7f739fde8d6cff2752575e18147cd098f45aca2adbda89cb47edce63a6f88dc9"", ""previous_hash"": ""7a0aaf4b363f7be02dffea9a8809b2a301513fa06ca7afc0767631ca8dcceab5""}"
2026-03-08T19:08:38.507733+00:00,kommone,08336081,"Schopfheim, Stadt",RESULT_UPDATED,"{""current_hash"": ""c4fdeadffeb0e3e1027dd62e61f236e3041bdef9ac989f97c7bdae889f11f654"", ""previous_hash"": ""51f50b59f4b83b1cc5d8b61e9e0e89f06faef16e90a699f9e098dcd94d0eb9e9""}"
2026-03-08T19:08:38.507690+00:00,kommone,08336075,Schallbach,RESULT_ADDED,"{""reported_precincts"": null, ""total_precincts"": null}"
2026-03-08T19:08:38.507671+00:00,kommone,08336073,Rümmingen,RESULT_UPDATED,"{""current_hash"": ""bb6b6747efc369453936de2cd1cd29a2a0ec1e9b2935c320e66c2a1119eca4b4"", ""previous_hash"": ""e7a52e10e25e940cc55510a0ac98988f4de30772a010b6a2bcb0f4757f84d109""}"
2026-03-08T19:08:38.507653+00:00,kommone,08336069,"Rheinfelden (Baden), Stadt",RESULT_UPDATED,"{""current_hash"": ""5a237bf8a3126ec26b8b0568ebc75318e906af035a369380207ded54bb8db37f"", ""previous_hash"": ""a5e66c192589fd20ca5fbef3d3badacfccede8b842e494b0d4a0721a64fd69d8""}"
2026-03-08T19:08:38.507626+00:00,kommone,08336050,"Lörrach, Stadt",RESULT_UPDATED,"{""current_hash"": ""455680774ccc66c99f4751a0ec276848f4a0fe7bc26e5c85184d22fba14afb4c"", ""previous_hash"": ""1579bdc0169b58b405b1a77db3913f5068a4692950b95ccfbb2c4531c6803610""}"
2026-03-08T19:08:38.507598+00:00,kommone,08336043,Inzlingen,RESULT_UPDATED,"{""current_hash"": ""7663ceda4badf564b157b951393c6556d90c91472e5f6a43261563709d32bd04"", ""previous_hash"": ""44617bc6b46dd024a3e6016c509d0107d5b4ebd70da8f528f07a04ba32796cb7""}"
2026-03-08T19:08:38.507573+00:00,kommone,08336036,Hausen im Wiesental,RESULT_UPDATED,"{""current_hash"": ""d2b1574cc849c650258bf62b2101ded651073727eab1ce8b699722fd8f3784f9"", ""previous_hash"": ""4b0c6f742b6038e08bcff6f8fe9ad9eeb613863edb222f1308cb89ddfa815963""}"
2026-03-08T19:08:38.507525+00:00,kommone,08336019,Eimeldingen,RESULT_ADDED,"{""reported_precincts"": null, ""total_precincts"": null}"
2026-03-08T19:08:38.507504+00:00,kommone,08336014,Efringen-Kirchen,RESULT_UPDATED,"{""current_hash"": ""2061f8542243f53c0639fdfa583026cb777950c35f80ab12632faf349baa98ac"", ""previous_hash"": ""b7b05d861f2c05015c7a342aa5c8cae443d987bf86cc782f42ebb362882ab0d4""}"
2026-03-08T19:08:38.507475+00:00,kommone,08336008,Binzen,RESULT_UPDATED,"{""current_hash"": ""459a35bc993e8149aee3da1195c859a95c5b844c9fcb8e9a60ad4914d58a9333"", ""previous_hash"": ""3e2b66b954eda207e4d66a6b19fea88092d2f4f51df9091af66c1680844fb3e1""}"
2026-03-08T19:08:38.507451+00:00,kommone,08336006,Bad Bellingen,RESULT_UPDATED,"{""current_hash"": ""3a6e3ba2f0ba254195ae6910e5178e96208ae607cde00b23761e96a12b2dcefe"", ""previous_hash"": ""4a2a56c79588cfbe3fd0075436316fc27f2c47dcde68a1b38803dcf5c87ca86c""}"
2026-03-08T19:08:38.507181+00:00,kommone,08327057,Emmingen-Liptingen,RESULT_UPDATED,"{""current_hash"": ""f739607793e0424a19511b7c42f2022a05fefe36dab0f8ae88d26da43789c790"", ""previous_hash"": ""ee5693cae65b187600d0f9665f964d731cd06bcca90ea95d784119c5293e7225""}"
2026-03-08T19:08:38.507162+00:00,kommone,08327056,Rietheim-Weilheim,RESULT_UPDATED,"{""current_hash"": ""e69f98bbc60279358c62c32da4a61ca8b703efed39fd7f8b586b9e30c9ab73f6"", ""previous_hash"": ""46db337c634e64b679175ca9ce348914dd04ebb798c9e34051a281e7df7cc6ad""}"
2026-03-08T19:08:38.507112+00:00,kommone,08327050,"Tuttlingen, Stadt",RESULT_UPDATED,"{""current_hash"": ""654c9a1515a500abbf213ab3e5f8c2d7ab1127ad9c58434cee75f462c6b69ae9"", ""previous_hash"": ""d0fc41b04c82b7f9e14ee259f95fb1d98bd13ebe983b2341489cf66ef85846fd""}"
2026-03-08T19:08:38.507086+00:00,kommone,08327049,"Trossingen, Stadt",RESULT_UPDATED,"{""current_hash"": ""5bc6f29ee4e85f7f545096495fa0f37ba85ed2fb20e77b85607f471f3f93e3ab"", ""previous_hash"": ""fe4fe80d373bf01e3633c17ec1d8cd3fa9596c93d05f5ce344eb6db900a9e85a""}"
2026-03-08T19:08:38.507060+00:00,kommone,08327046,"Spaichingen, Stadt",RESULT_UPDATED,"{""current_hash"": ""e5cf4ab3dd814cd5930ec1d296a10d3f9c2b77e10a4999eca959091c0feae1d7"", ""previous_hash"": ""b2e58f556c9bb44b6f8b78c0873de8944a371c205bf00a2e0e5b8659726ebc4d""}"
2026-03-08T19:08:38.507025+00:00,kommone,08327038,Neuhausen ob Eck,RESULT_UPDATED,"{""current_hash"": ""68aece2742c9dcae30123cf2eae94c6f07f60f1c867bd66fedf00262100e5dcd"", ""previous_hash"": ""48ce39942e8a3baf74786d63ca550066e72f9112c2c66a3221b9ded765d06fbd""}"
2026-03-08T19:08:38.507006+00:00,kommone,08327036,"Mühlheim an der Donau, Stadt",RESULT_UPDATED,"{""current_hash"": ""3cbe9aad9f86ffe908cdf4d5c14563249e86f64f04cb080b06cdf8baf67687e2"", ""previous_hash"": ""0fc2008d0eef541083ce510bcbe1a2337be7805e6c093f025f4354463d64d243""}"
2026-03-08T19:08:38.506963+00:00,kommone,08327027,Irndorf,RESULT_ADDED,"{""reported_precincts"": null, ""total_precincts"": null}"
2026-03-08T19:08:38.506945+00:00,kommone,08327025,Immendingen,RESULT_UPDATED,"{""current_hash"": ""501386d87eeae86e7c12ef190f86ee899dfa6b79fbea232b0d290d659409a353"", ""previous_hash"": ""bd9066a417cf21808b07dcf00acb1910494ec3b95b1bde593075d3e726967be6""}"
2026-03-08T19:08:38.506918+00:00,kommone,08327020,Gunningen,RESULT_UPDATED,"{""current_hash"": ""c8e0046c2113eda1fa70dc24c635938474720aa09e40b21555a114bcf0b4b8a0"", ""previous_hash"": ""aea6d45006c4b49031926a8a7e7cc5cc85bed9b9b91e13424e5e4f1ebd5ffe71""}"
2026-03-08T19:08:38.506899+00:00,kommone,08327019,Gosheim,RESULT_UPDATED,"{""current_hash"": ""7de006f8717d5312016b1216d56eeb9c13bab9431dace615b6f386de4c191935"", ""previous_hash"": ""d8d4e918fbc2f882f8ff8894b5a6c804b205b921b6ef88f12b7845bf9434477e""}"
2026-03-08T19:08:38.506872+00:00,kommone,08327017,Frittlingen,RESULT_UPDATED,"{""current_hash"": ""49e926035790731077192324c1074934be8561d6f7db47f6cf133f85d1beda67"", ""previous_hash"": ""e1d2ff27c77b52fa84428c8d2576d19a492b8f92229a487c0c45b692a2de95a7""}"
2026-03-08T19:08:38.506844+00:00,kommone,08327013,Egesheim,RESULT_UPDATED,"{""current_hash"": ""340ac5aec22ab60c7f3bd9c65d75edeaf6a916c8f3a3637d79e44e78a8788732"", ""previous_hash"": ""e68ce4807d2ed5d3e9fbb1621cd1967c143709c7825fe9af2fdf0609d2b7dd48""}"
2026-03-08T19:08:38.506804+00:00,kommone,08327010,Denkingen,RESULT_UPDATED,"{""current_hash"": ""a31e07e7e07e04235d33b0565e0c088afa8daab1550b77a23afb21a83aa5b023"", ""previous_hash"": ""471fef130921a9f83c1f2233e6097f1471412c71a6115f7caa6ea4c8ff7b787e""}"
2026-03-08T19:08:38.506757+00:00,kommone,08327006,Böttingen,RESULT_UPDATED,"{""current_hash"": ""89b839e9adf220ffdcc6acecc00afa806443b5eb8c2d245f504cbb8f6f8d97da"", ""previous_hash"": ""a9124f27f391005d3e6759b8c65bd1329caa57dc6afd37788cccfef08cc87946""}"
2026-03-08T19:08:38.506718+00:00,kommone,08327002,Aldingen,RESULT_UPDATED,"{""current_hash"": ""36230d5a551785389daa834e7348b0204c671284b208b278f125918c1538e563"", ""previous_hash"": ""0739ae25770297a1e7447145312c4828c2aee568c8f3055ebfada56ce5e963fd""}"
2026-03-08T19:08:38.506693+00:00,kommone,08326074,"Villingen-Schwenningen, Stadt",RESULT_UPDATED,"{""current_hash"": ""aba4137ad99e7013b3177ea3c39706e9c01769009f4792f37e5408141cde5018"", ""previous_hash"": ""9089c045076315b7b92fd77ed4e1c50a4e4410e0e59ef90702ff0a9815c1682b""}"
2026-03-08T19:08:38.506675+00:00,kommone,08326068,"Vöhrenbach, Stadt",RESULT_UPDATED,"{""current_hash"": ""3f42eae2e37e79609a502756386b805ea826e99c6e139fb0299a894bb62a9e9d"", ""previous_hash"": ""d923a7231d2eb4df2d6a3d2ce53fc66ef958e79b8e8ebc212e7cd8910504ce3b""}"
2026-03-08T19:08:38.506658+00:00,kommone,08326065,Unterkirnach,RESULT_UPDATED,"{""current_hash"": ""703904063f0d1a837fd4cc1ea16badecf365db6a93f5dfff9f2b989fedfaf1ef"", ""previous_hash"": ""ad6a0ef214b7e5d4842f72080fbd27ed4f44ef73d9abf4de0a71f921436f6097""}"
2026-03-08T19:08:38.506640+00:00,kommone,08326061,Tuningen,RESULT_UPDATED,"{""current_hash"": ""4e4bd59c0ea8ea659a0ccbd09636d1b935219ab8ab3fa9f5164681b72f500bda"", ""previous_hash"": ""a70f931e2223b97d71a7dd15782205a872288e57a3d5fd99254fe2a1613601e8""}"
2026-03-08T19:08:38.506597+00:00,kommone,08326052,"St. Georgen im Schwarzwald, Stadt",RESULT_UPDATED,"{""current_hash"": ""494a24381293a4ae430204359b6111113ce1ab985287101f32dccf5af5b4825c"", ""previous_hash"": ""28bf3d83146b17fa721cd125be7a481dd7f4722acd3c57fae77591217721d176""}"
2026-03-08T19:08:38.506578+00:00,kommone,08326041,Niedereschach,RESULT_UPDATED,"{""current_hash"": ""95299a5257f24ed319e6fd90d0b2cb76e92e990456ca422e24bb3c4c5c4e01a2"", ""previous_hash"": ""46ecd41da6c09666ac04e477bb7f547cc0c0ca0a5732793f7cf6af4f9795a085""}"
2026-03-08T19:08:38.506549+00:00,kommone,08326031,Königsfeld im Schwarzwald,RESULT_UPDATED,"{""current_hash"": ""2990a7ea9f54f301cf41cab5fdeec3853d660692814507bc488358fe43863419"", ""previous_hash"": ""d5c8c439484b5ada0977b690bf2d0c9a59cd2e50227ac2fd17163d0dd81f2b02""}"
2026-03-08T19:08:38.506530+00:00,kommone,08326027,"Hüfingen, Stadt",RESULT_UPDATED,"{""current_hash"": ""3641dfd2190b333a7aed83493c804ba561006472b5f00d84c9a948281568cdaa"", ""previous_hash"": ""bc729d284becee9b37d2b28b8f8b99e30c27dc544d3af247e15854646f7f9566""}"
2026-03-08T19:08:38.506504+00:00,kommone,08326017,"Furtwangen im Schwarzwald, Stadt",RESULT_UPDATED,"{""current_hash"": ""764e6fdb4aa82d06b8e1522bdd69a8b67a1c1aeb66b424f9a823510faeb58106"", ""previous_hash"": ""f264ea1d377577876e1a588dd178a525bf8e098ea1698e1dc6b6277dc6edf794""}"
2026-03-08T19:08:38.506486+00:00,kommone,08326012,"Donaueschingen, Stadt",RESULT_UPDATED,"{""current_hash"": ""2b99fe40a440ae4e5626ab28f0eb20248aed9ff3a3702d0a6d11342224270207"", ""previous_hash"": ""59b9c738e1724335bc856e6fc4c3fd62d000a07ba2985249a92b6c4a65bff9a2""}"
2026-03-08T19:08:38.506459+00:00,kommone,08326006,"Bräunlingen, Stadt",RESULT_UPDATED,"{""current_hash"": ""ba5d2473fb638fa440b5d1e8f2397916197fed1a33959b31527e2061d68f741d"", ""previous_hash"": ""22e48b10376015c38c5d73fdae02088df0bd71a26f27f736b70f340fe709eaac""}"
2026-03-08T19:08:38.506439+00:00,kommone,08326005,"Blumberg, Stadt",RESULT_UPDATED,"{""current_hash"": ""0fee0888fe5338e72ad9d11c7f924e6243d468297d6afe7814f257d9605a4856"", ""previous_hash"": ""301e8fd3a2c69f50a634298abdeb6eafee80defc32eb023e6fc05e54dcf1e7c7""}"
2026-03-08T19:08:38.506407+00:00,kommone,08325072,Deißlingen,RESULT_UPDATED,"{""current_hash"": ""a6e31b94040f2fc061f1acc891dce16135161829b31bca08756fd579a5a23b84"", ""previous_hash"": ""a0e1c1681cce48fbb26c3b4e8c644390c94a6aaf107377229b4ef39e00db4aee""}"
2026-03-08T19:08:38.506387+00:00,kommone,08325071,Eschbronn,RESULT_UPDATED,"{""current_hash"": ""ee73d2660e7bbd675a96e464282ed91b659524809681833136c11dcfa905e3a7"", ""previous_hash"": ""ff4da79c80220540715ed22be1d7373f7190e9036942eabe0d534a0fdca451ba""}"
2026-03-08T19:08:38.506358+00:00,kommone,08325070,Fluorn-Winzeln,RESULT_UPDATED,"{""current_hash"": ""33000a41c120e17b8a5546b629fb27837840273d5c6e1a40404ce4c637622edf"", ""previous_hash"": ""465873a3091a00934a01336c503a11914634538b7fccad9f73397b32bfc8b552""}"
2026-03-08T19:08:38.506295+00:00,kommone,08325061,Vöhringen,RESULT_UPDATED,"{""current_hash"": ""0c65af30be5bf571193c2410adbc22c712693946595100d24ff10c187610b78c"", ""previous_hash"": ""9f3eebb1e6fe80cedfbe73f7c86ce2e62727c4a145b280b4818c743d66c7b833""}"
2026-03-08T19:08:38.506246+00:00,kommone,08325057,"Sulz am Neckar, Stadt",RESULT_UPDATED,"{""current_hash"": ""25482a08be7ad6989bea9228266fa1458660ab231f825abb40b274cd5f053829"", ""previous_hash"": ""6bccac5825fef97384ab8fa33064e842997f6735e3e36c1b314dc4fc2089d918""}"
2026-03-08T19:08:38.506227+00:00,kommone,08325053,"Schramberg, Stadt",RESULT_UPDATED,"{""current_hash"": ""179c53f67228b595f1facad8e9d4cd3e79c199bff531b3f165fa2c453d744504"", ""previous_hash"": ""2b0460613edb09c457424045b4c71b04d896e5ca5bd0bc44d787c3e269282364""}"
2026-03-08T19:08:38.506193+00:00,kommone,08325049,"Rottweil, Stadt",RESULT_UPDATED,"{""current_hash"": ""0ad179845b67ab70039f9b586f3d92b0bb6b69c056d74889d608676b09b8e992"", ""previous_hash"": ""544d24584afba1e93fa5f9875b96ab06d6cdab48baf0d758922450cb5f64ff60""}"
2026-03-08T19:08:38.506175+00:00,kommone,08325045,"Oberndorf am Neckar, Stadt",RESULT_UPDATED,"{""current_hash"": ""8bbe2345f2211a0ea485d8aeb20b02922dd57af3966c373a57b9d90e4e70db03"", ""previous_hash"": ""ee8a571a50c6433824cfa29d1caf09ee0ae36687887625017dcad5d11c7ab1f3""}"
2026-03-08T19:08:38.506140+00:00,kommone,08325015,Epfendorf,RESULT_UPDATED,"{""current_hash"": ""ac61d5c962901c61fff45c7f0b6dd7959a275ef56ede212a67f10f9eb31cea64"", ""previous_hash"": ""e75a44aee7d671157d25675bd5886020569895f2035d9ff34894ae48643bb6c0""}"
2026-03-08T19:08:38.506122+00:00,kommone,08325014,Dunningen,RESULT_UPDATED,"{""current_hash"": ""10dcfedc4ae5128bb7c529ad103b7e0f13a12e96d959e825310aed1a50b38ae8"", ""previous_hash"": ""fcf95330adaab599f74e5ac577a2731dcf70e04bbb94090ed1a0580ad866fae4""}"
2026-03-08T19:08:38.506104+00:00,kommone,08325012,"Dornhan, Stadt",RESULT_UPDATED,"{""current_hash"": ""af1ef53290c38b2c79829be69a33a27035d1bf5d8f334ffc8bec52e2e8531321"", ""previous_hash"": ""60881f59ce7dd0edb342fc9e4aed4601d2132ec58dff01c50240ef4c155aa6f1""}"
2026-03-08T19:08:38.506085+00:00,kommone,08325011,Dietingen,RESULT_UPDATED,"{""current_hash"": ""49b57bcfaf77b14c69e44485e7e2c9667794a5c6096fcd8739a79026f8912344"", ""previous_hash"": ""72a4383c7479b819033b416f685c2a166513512a9f94e5c2fa56ab1ea42c9a11""}"
2026-03-08T19:08:38.506063+00:00,kommone,08325009,Bösingen,RESULT_UPDATED,"{""current_hash"": ""743a4b52d82b09e50f3031e9d161e63c00936fffe9c5fc464b07eafce5d2f099"", ""previous_hash"": ""be8020554bef969ddb9413b96e2fd1289255a7b898dd4e53d873c31986dd8578""}"
2026-03-08T19:08:38.505615+00:00,kommone,08316056,"Waldkirch, Stadt",RESULT_UPDATED,"{""current_hash"": ""1c976e23b05bdd7ac44fa5b234053809d72bf07b53b5c7bb8f7a8e746387104d"", ""previous_hash"": ""78acb1ec0fec20b80731e847ba24809427023fc6859188deadd8940662ade609""}"
2026-03-08T19:08:38.505576+00:00,kommone,08316053,Rheinhausen im Breisgau,RESULT_UPDATED,"{""current_hash"": ""5698fdae9fe25392eec6effe0a663bc355393cfd72e5c4dfd92a447701ef7435"", ""previous_hash"": ""c8d5bf741c5ec3bafc3a58cbfde6bfd30647e8ee4145a26c4edd6f13d05ddff4""}"
2026-03-08T19:08:38.505555+00:00,kommone,08316051,Wyhl am Kaiserstuhl,RESULT_UPDATED,"{""current_hash"": ""8bc5eecac271d9055921b179292c3092b6e10e9bca66d004bed127c9c75c863d"", ""previous_hash"": ""8c6fe19203e43eac7194884e93757abdae41b0234f543cecdd40c53169c23301""}"
2026-03-08T19:08:38.505521+00:00,kommone,08316045,Vörstetten,RESULT_UPDATED,"{""current_hash"": ""ad1c0dc03edcae8b8dd66efd2f6291fe32dda2267a208f21b1aba02e337b78bc"", ""previous_hash"": ""0df194c63a1ff2209ea4a05fd1a5ce7c26526a8f897712061990e5f62c461f12""}"
2026-03-08T19:08:38.505503+00:00,kommone,08316043,Teningen,RESULT_UPDATED,"{""current_hash"": ""9166b012edb7f0d2553ede7b219678d6f468aafc3d1044887c78447f073d1caf"", ""previous_hash"": ""d882b41446bc8345c3f81d0d7ef48c6abf3232eb89b98ade68a8f34c84cce5f7""}"
2026-03-08T19:08:38.505484+00:00,kommone,08316042,Simonswald,RESULT_UPDATED,"{""current_hash"": ""e14be71ef5b0cc97df78932f314e60d09d805960478f379fae154b5070f481c9"", ""previous_hash"": ""a42577feae9fff9ba08723a15f320eb47cb5306a505d8096f93603c1d0a32e57""}"
2026-03-08T19:08:38.505442+00:00,kommone,08316036,Reute,RESULT_UPDATED,"{""current_hash"": ""1d4af2414ffbc73c4b47f3e6f4634e042969299e5812d5a098fc154c97989346"", ""previous_hash"": ""c4b50b64d3224382ea4a9862cef716a2c3e7c89be590d053fc63c5d168db0704""}"
2026-03-08T19:08:38.505424+00:00,kommone,08316024,Malterdingen,RESULT_UPDATED,"{""current_hash"": ""a98a579217efb15c3c9da6f0a9e878fd5de52c5ddb211970887dcd9d44bacf41"", ""previous_hash"": ""ac121a0a6050e401e600dc4076f821de57e7ff663f3bd8fd50103d0c318e703c""}"
2026-03-08T19:08:38.505404+00:00,kommone,08316020,"Kenzingen, Stadt",RESULT_UPDATED,"{""current_hash"": ""8f4bed8df7cd4264919c3d687dd9d7cd2c1cd2db3babf7fb8f165362e40ff895"", ""previous_hash"": ""4d56b5d0f4eafb79e35092820c2779fbc37c896167489c2712306abfe3fda2a7""}"
2026-03-08T19:08:38.505376+00:00,kommone,08316014,Gutach im Breisgau,RESULT_UPDATED,"{""current_hash"": ""59ba07e3bf0050d93aa61e4953c6712f925b68fa77917319f1e664b032f99935"", ""previous_hash"": ""d240f8febc4a10f347ee1b36b0cd96e2f45906f12c2860936ab433fa082c1065""}"
2026-03-08T19:08:38.505345+00:00,kommone,08316012,"Endingen am Kaiserstuhl, Stadt",RESULT_UPDATED,"{""current_hash"": ""9bc674527e8e9355890e68b12db0a4610f57da6a46b1302c1aa915e5c8baa6a1"", ""previous_hash"": ""f63537d581e200ec734973588c8b413cc0d524bcc8d7a65a256c8538d7d238ef""}"
2026-03-08T19:08:38.505311+00:00,kommone,08316011,"Emmendingen, Stadt",RESULT_UPDATED,"{""current_hash"": ""493df4253a83e6e0ccca4248907192dd046a3bdc0e3074a03b0ab7171768cc44"", ""previous_hash"": ""41b1b571050f0b3f6b8ca570e47a5c54866f62eed4b94cae1271f1a9b46e9140""}"
2026-03-08T19:08:38.505293+00:00,kommone,08316010,"Elzach, Stadt",RESULT_UPDATED,"{""current_hash"": ""5da49ab6ef5d5089c3fc22debdfe8eec9ead249357ede93e7c6c7a6649478265"", ""previous_hash"": ""6301bc74c204c9163e10da9ca34a0a380ba221b815afcdaaf1ff377c18eedc53""}"
2026-03-08T19:08:38.505273+00:00,kommone,08316009,Denzlingen,RESULT_UPDATED,"{""current_hash"": ""50ed6cd398699e4a6721fc22764de4c0aa77fa48452f90d168f403d2f03fe555"", ""previous_hash"": ""c9a273af9a28f9f1f5cbe5f68cb6348c7c715fee94398c651ecfe83431b1818a""}"
2026-03-08T19:08:38.505241+00:00,kommone,08316002,Bahlingen am Kaiserstuhl,RESULT_UPDATED,"{""current_hash"": ""45d3dc60897741f645e3bc369c2b46e62c167dc7ff20731c8e1509d7cae9fb20"", ""previous_hash"": ""4ebb3c4579a0be823ced1f70e954d53834850124e6838caab118f4dbf5d31997""}"
2026-03-08T19:08:38.504795+00:00,kommone,08237074,Waldachtal,RESULT_UPDATED,"{""current_hash"": ""25f9ae0d1199d13325b29fbef87e431944d73828376d15994e7e587bf4cd91e5"", ""previous_hash"": ""45d3bbc067ea4c685d1bb551f845b748d787ba3e2ce9d6cae93342ccba03fe56""}"
2026-03-08T19:08:38.504776+00:00,kommone,08237073,Seewald,RESULT_UPDATED,"{""current_hash"": ""82904b38ed1db7194b3da5973b431e0b1881cd19255cd55a11c8de6165ce39a4"", ""previous_hash"": ""ba9a3fefd25bf9379253b7e708eeb4cebe960f3deeed05fc6907e78abae0c407""}"
2026-03-08T19:08:38.504739+00:00,kommone,08237054,Pfalzgrafenweiler,RESULT_UPDATED,"{""current_hash"": ""0bb5c5fd220b64e84c54f305628295a977191c5247775ff308616a9e00dae7c3"", ""previous_hash"": ""9430db0fdde3d2e7527c2dc9a1bfea3dc038aad4472b550b6b408e096341f550""}"
2026-03-08T19:08:38.504720+00:00,kommone,08237045,Loßburg,RESULT_UPDATED,"{""current_hash"": ""96cef45c2f2d9b717b7bea3b17ed1eeb51565ea9cdc7a59ee9f0acea32af1527"", ""previous_hash"": ""e16f713c491ad50ca0f38ee8b07511a0dd8a3804512b1dd90c987ddfa0663587""}"
2026-03-08T19:08:38.504700+00:00,kommone,08237040,"Horb am Neckar, Stadt",RESULT_UPDATED,"{""current_hash"": ""bb7ea214c020ce9c4bf49f34919f8f239c51f9458ad53fbd6d4fdce2630483ed"", ""previous_hash"": ""1f8d27beb6f7fb38513382efdae17570480564e19712ee7ba102052473684d13""}"
2026-03-08T19:08:38.504668+00:00,kommone,08237030,Glatten,RESULT_UPDATED,"{""current_hash"": ""a0a3139015f2a8a4a6c4e58d8a5be630f5d6d2635fef6ac37dbab703ae7fe11c"", ""previous_hash"": ""f9f5385ea4a566aa4a978be1693af449a173fd8f2a53364c4742140acf207c50""}"
2026-03-08T19:08:38.504647+00:00,kommone,08237028,"Freudenstadt, Stadt",RESULT_UPDATED,"{""current_hash"": ""2db674c0789845722090baa09644865d99454bdb0d756416aca44d4084aeba93"", ""previous_hash"": ""36944bbb56603e8fea98e2eef400f035d5ec7769c6fe33b0ee161555a46ea62b""}"
2026-03-08T19:08:38.504629+00:00,kommone,08237027,Eutingen im Gäu,RESULT_UPDATED,"{""current_hash"": ""11fa560dc2e2de5d40add3f710969d22eca32c82ac1a5bc72a9afb6134695813"", ""previous_hash"": ""9230e4738b4cf3b02a9aa547db9159678e363d72f538da9d1a0b1572cb6fd964""}"
2026-03-08T19:08:38.504603+00:00,kommone,08237019,"Dornstetten, Stadt",RESULT_UPDATED,"{""current_hash"": ""38d22f16c31d98bc9e252fbb0768e636495cd71112189a01f5c76a0c74e46834"", ""previous_hash"": ""914acd2ac27d720fff347041c9f60294c6436bb1372f5c96f4432aa27ce4f736""}"
2026-03-08T19:08:38.504585+00:00,kommone,08237004,Baiersbronn,RESULT_UPDATED,"{""current_hash"": ""0609514552e2f12801f7a874b91521921cb40791ff2790ae43d1932179ffcd2c"", ""previous_hash"": ""79c1b49ef2557f5f498efdb8e7da7cc960de0f6c9593f672b55debaa4cc0f46c""}"
2026-03-08T19:08:38.504567+00:00,kommone,08237002,"Alpirsbach, Stadt",RESULT_UPDATED,"{""current_hash"": ""aaabeb21c94821c59cec65c6cad90952856243aa544c97a230a584fda3635caa"", ""previous_hash"": ""ba5428aa86871a7fa25bbcf2257df8953d24e2e4c6db728567b8966613672915""}"
2026-03-08T19:08:38.504549+00:00,kommone,08236076,Königsbach-Stein,RESULT_UPDATED,"{""current_hash"": ""7f8ae5f4c246ef44ec63176796780ab5a3d024300c4085af9da0762ba7ea3f3e"", ""previous_hash"": ""50ad129753c582e7d6d788cc5ccbdab70265f738f266cc4ede611b0baff1dd7c""}"
2026-03-08T19:08:38.504514+00:00,kommone,08236073,Neulingen,RESULT_UPDATED,"{""current_hash"": ""a4b8358c505042baf06117a064ba3a8abe666f680b07e1250c82dca4adcf97cd"", ""previous_hash"": ""14dc31b4928e0e8c4714f6e8f25c7354d1b2f42e5c8c855271e1a70575c369f9""}"
2026-03-08T19:08:38.504495+00:00,kommone,08236072,Straubenhardt,RESULT_UPDATED,"{""current_hash"": ""22cec51fb43386b8c22b53f8b4bebeabe8959d42ad9b929d05b5c1db50b5a1ed"", ""previous_hash"": ""dbd12b08d5375ed53d222a8c49b21eda64a576aa870d949a1022ca25c9a7e23f""}"
2026-03-08T19:08:38.504473+00:00,kommone,08236071,Remchingen,RESULT_UPDATED,"{""current_hash"": ""00655ac9d7207b0868bf02edbe0e7677066cbce3e62d119c6d15dcb24fe7b6c2"", ""previous_hash"": ""d4a6debe3a7127655bd25416224a0f06f2a227a0d44b12fa5c1b3c8159272b14""}"
2026-03-08T19:08:38.504454+00:00,kommone,08236070,Keltern,RESULT_UPDATED,"{""current_hash"": ""69178c234a074b4abc60e32cc1bcc636aa89ac399a2c072a62ff2205b7644aed"", ""previous_hash"": ""7dbcb8e21663f498acd12026615697222dd9c92bae883593fbe4238d0a64a03b""}"
2026-03-08T19:08:38.504420+00:00,kommone,08236065,Wiernsheim,RESULT_UPDATED,"{""current_hash"": ""b0759b169f14f293d6177c71109c0bcb7d97edee46ef98301050cfd62a277f39"", ""previous_hash"": ""75eeaeb3cb850330d937bced53fbe14e2cba41e40c2a45b44028203835c5e4a2""}"
2026-03-08T19:08:38.504400+00:00,kommone,08236062,Tiefenbronn,RESULT_UPDATED,"{""current_hash"": ""92d631afe7ab1c600f7059a1279ab9e50c18c8aa338d0efb62a8b3f8e687cd5f"", ""previous_hash"": ""18b692b9fbfc3179d90f8100adc7c1a61f2ddac44e13393e222350c77905b729""}"
2026-03-08T19:08:38.504381+00:00,kommone,08236061,Sternenfels,RESULT_UPDATED,"{""current_hash"": ""7bdc73186a5d709807d9ff5e81d157b3e7aaea913db78a194b6b7febfeaa9d21"", ""previous_hash"": ""a500202825fd3c20b9ebcf9815c7837b3f9bc76871208a7ce260b76055769367""}"
2026-03-08T19:08:38.504338+00:00,kommone,08236044,Neuhausen,RESULT_UPDATED,"{""current_hash"": ""aa14812c085ca8123a9d8394259bb5d25b0dd3c6f48433b73dbe145f4b4c09f3"", ""previous_hash"": ""42e5cf817c2f2bf90f2e8168774cca14f8bdad9cf202b0306ab9d81bf200c140""}"
2026-03-08T19:08:38.504304+00:00,kommone,08236043,"Neuenbürg, Stadt",RESULT_UPDATED,"{""current_hash"": ""076202f7ebbf8af0fbd8750fcfcb79ee0f4088ce4fc74299ee7e0bc8941f0524"", ""previous_hash"": ""06822274de9ad2fe21188298fc9255ff7cb0fbf111a3663e2d6fc271a107fafd""}"
2026-03-08T19:08:38.504285+00:00,kommone,08236040,"Mühlacker, Stadt",RESULT_UPDATED,"{""current_hash"": ""8cdcf2a306364a75e3b31036c4132612ee2a117dacad6fca95b80bcabfcf9944"", ""previous_hash"": ""e90c815f308c4fa04d57a09992c60067c4f7671b1057db0994ff6095188b8656""}"
2026-03-08T19:08:38.504266+00:00,kommone,08236039,Mönsheim,RESULT_UPDATED,"{""current_hash"": ""abb027891a9406d2a87442ebc92c31d8126e126229904aac5d937ec2b7eae5e7"", ""previous_hash"": ""01a8bfc0afe0ab76e6e25bba9309bdd3f502311f60ee1ffbcc09eddb6b048f6c""}"
2026-03-08T19:08:38.504245+00:00,kommone,08236038,"Maulbronn, Stadt",RESULT_UPDATED,"{""current_hash"": ""d2495b2a211a5f37af6a8558aa0ead0e94c62a92bb3c221d63f499d939708525"", ""previous_hash"": ""09e3eb2f930e5bd2be2e59f9db78db34551dadddb10cbe8d42f76fbd248025e5""}"
2026-03-08T19:08:38.504219+00:00,kommone,08236033,"Knittlingen, Stadt",RESULT_ADDED,"{""reported_precincts"": null, ""total_precincts"": null}"
2026-03-08T19:08:38.504191+00:00,kommone,08236030,Ispringen,RESULT_UPDATED,"{""current_hash"": ""d41383f914d3470d50136a2bbcb24c6a086e9d261f6cfc5156a13ea5c0baf910"", ""previous_hash"": ""3acdc81ab44fbb9480f1d9df810f148fb39d753f126037f4c3feeb284087e3ca""}"
2026-03-08T19:08:38.504173+00:00,kommone,08236028,Illingen,RESULT_UPDATED,"{""current_hash"": ""87ac7e0dba2b0bc1f48ea9d2c276d67067763eaa5e79fd68012b60f753fdfbb4"", ""previous_hash"": ""5a661555261c1ceed8d996dfd6fae51c88cc76d5a0898f517723cd43c05b1bbb""}"
2026-03-08T19:08:38.504156+00:00,kommone,08236025,"Heimsheim, Stadt",RESULT_UPDATED,"{""current_hash"": ""50a6e420704ef309b41259a6c062745dafbf50900928e71ce77b926c245d6d17"", ""previous_hash"": ""b7d6ee72f679b0e6aa4461858c9a2c901748c35d944b7bd7c52a3081b992974a""}"
2026-03-08T19:08:38.504130+00:00,kommone,08236013,Engelsbrand,RESULT_UPDATED,"{""current_hash"": ""0d319bdf66863fd446919d8c007f14612ada60bd6f668a857e223d3e46dcdc48"", ""previous_hash"": ""207e097149fd968848c959aa69e5d085dc711a7a3f09162fa3e899247aa31ed4""}"
2026-03-08T19:08:38.504112+00:00,kommone,08236011,Eisingen,RESULT_UPDATED,"{""current_hash"": ""7cf1aa6004952deded9ee76b2860c8c210e35c16ebbabb4c64446f2c8984a24f"", ""previous_hash"": ""7e5fc33786834f16d371cf22c761c35c7c99c36a87eb2c4ff60ca7188815329c""}"
2026-03-08T19:08:38.504094+00:00,kommone,08236004,Birkenfeld,RESULT_UPDATED,"{""current_hash"": ""f7e81730d98863beb427d14322efd4a6efafebfa4cbb42f6b418a2f5b3319b5b"", ""previous_hash"": ""17e867526a161901b493129bc43e7f2cac24bc0efb7f22010c08c62077cf1e2f""}"
2026-03-08T19:08:38.504075+00:00,kommone,08235085,"Calw, Stadt",RESULT_UPDATED,"{""current_hash"": ""ec06810802e813837256aa812d2d56778a3a5c2253e59b1ea7c7091730a9c0b2"", ""previous_hash"": ""5f0eb06f97ae7d34f6dc37d8949a53f9c431d28c34bd1fc04b46ab42088eefab""}"
2026-03-08T19:08:38.504048+00:00,kommone,08235080,"Wildberg, Stadt",RESULT_UPDATED,"{""current_hash"": ""3878cfbf8913626f1931b47f4f46b6ccadbdffd6c51c999dae0b1017630fef55"", ""previous_hash"": ""316b2bc403a96715587c35ffa6ad8217b78ca8c92018b0efc31fc4a2546c4374""}"
2026-03-08T19:08:38.504029+00:00,kommone,08235079,"Bad Wildbad, Stadt",RESULT_UPDATED,"{""current_hash"": ""b97d58bf971d9777cef75e9868b4c78807f5f2e0f206f18959fb006d8da958d0"", ""previous_hash"": ""49d3d6f4f05006c92ef41b2d0506b3b4a1e8995661d8f1c3e5397ce4f1b19e73""}"
2026-03-08T19:08:38.504009+00:00,kommone,08235073,Unterreichenbach,RESULT_UPDATED,"{""current_hash"": ""9111d22392ed98d9b6d84c226ec824e5270ae890dbae9be1a634d714313fe4ac"", ""previous_hash"": ""0c2753327a5431194244543087c8bd0301130eb4c80d3b2ae19b2f208f41de6d""}"
2026-03-08T19:08:38.503967+00:00,kommone,08235065,Schömberg,RESULT_UPDATED,"{""current_hash"": ""45084db4428cd742d1c0422cf482443fa43b35784cd72df71c639fbcf2b49c34"", ""previous_hash"": ""0cd8dbfd2bf91a14f2977bb8e934216e487decc49b22fcbf74f8785f7ecd9455""}"
2026-03-08T19:08:38.503898+00:00,kommone,08235046,"Nagold, Stadt",RESULT_UPDATED,"{""current_hash"": ""fef74fa8186dda5c28bb028d1ee14107c42306095f05f2216ad91a2a7ab22dcf"", ""previous_hash"": ""22b7b8bf360b78d1ff535a1365a3338d30619cee1672a4717d9b6197ca7c570c""}"
2026-03-08T19:08:38.503868+00:00,kommone,08235033,"Bad Herrenalb, Stadt",RESULT_UPDATED,"{""current_hash"": ""e3bedc223a3797c9fde3fb2bb8abbc629f9986806fc34fb2fdd96bd5d14297cb"", ""previous_hash"": ""a9c4acc35893a307e0a4a05be4ac90d75018484a8923d930a93e195b0675ba7f""}"
2026-03-08T19:08:38.503848+00:00,kommone,08235032,"Haiterbach, Stadt",RESULT_UPDATED,"{""current_hash"": ""a128f97b9b550283bcb502f85466e04fd9e19fd86487a913b763606837b9743f"", ""previous_hash"": ""24a5d6f4d785518b03024556f01bd9b147ec3ff42db19d0780373a09a653c206""}"
2026-03-08T19:08:38.503827+00:00,kommone,08235029,Gechingen,RESULT_UPDATED,"{""current_hash"": ""e0fe5b65e31b55a05a3ac488aa224556026c3643eb51a6ce0252accb1d9dc885"", ""previous_hash"": ""958892e5d8ff27088d9e59e6eaee905583074f21d7dfd7f3e77dcfdb128603bc""}"
2026-03-08T19:08:38.503807+00:00,kommone,08235025,Enzklösterle,RESULT_UPDATED,"{""current_hash"": ""9503768aa4b528fc09ced28aa7652b84a978e87ea3594664a729d0cc853f294b"", ""previous_hash"": ""39f5bf39aaf62ac74eb2fe9a7aab61f48f842af63e754626a7a2f4e7d223d071""}"
2026-03-08T19:08:38.503770+00:00,kommone,08235018,Dobel,RESULT_UPDATED,"{""current_hash"": ""528a108b2886d6f734ba741f6e3fec0459e001642a77299fa59d184a3e2412ca"", ""previous_hash"": ""7795ec42033e3ab32e06592b78474724275473237d7cdc7f5595acbc15abed26""}"
2026-03-08T19:08:38.503749+00:00,kommone,08235008,"Bad Liebenzell, Stadt",RESULT_UPDATED,"{""current_hash"": ""81a151f39046a033358c9ef06552b3e4506fb62b66a2102d30b1d8c66749daad"", ""previous_hash"": ""aebd37f92936157756f7c5c818ba898ce691bf2d4fa091a46e06133418f7e279""}"
2026-03-08T19:08:38.503702+00:00,kommone,08231000,"Pforzheim, Stadt",RESULT_UPDATED,"{""current_hash"": ""5dc913b217ec8a2c4fc0356e3ecdaf0116b1307c9105d84c5b395038ba3292c8"", ""previous_hash"": ""67557715d2028500758f518d055b7e4d944e0b4a7f34c36d0c7c71505e51234f""}"
2026-03-08T19:08:38.502923+00:00,kommone,08216059,Weisenbach,RESULT_UPDATED,"{""current_hash"": ""4797c882e74d6ff09bc8c7b50129dc1e9907d9ce66a981154247b1d61ee2e3ba"", ""previous_hash"": ""432baaa9ec3833274300235ff5a8e68bd62c1fc4cc1e080dd36e2ab3477f5211""}"
2026-03-08T19:08:38.502885+00:00,kommone,08216043,"Rastatt, Stadt",RESULT_UPDATED,"{""current_hash"": ""f8f717d345bc71729861b872babc8bf9db8c2f66cd0a8242e29ee88c0fb02f5f"", ""previous_hash"": ""817f9e4ceb693d999fb56a32c205d0071a0fa435318b2434fc019b585eae7dc8""}"
2026-03-08T19:08:38.502858+00:00,kommone,08216039,Ötigheim,RESULT_UPDATED,"{""current_hash"": ""16202ed743a90c372d0805c41865c010f7885b66c51b0c424cf3e4dcce0ba6f5"", ""previous_hash"": ""0b8bb90b37be8d735eaf5463ab2a2ab8793ee29e57544a96c9df92370d79a7f3""}"
2026-03-08T19:08:38.502815+00:00,kommone,08216024,"Kuppenheim, Stadt",RESULT_UPDATED,"{""current_hash"": ""7416b3ed07841e63c7c8217befcce1cc407067feb26ed57b2ea6b60ff4e1df04"", ""previous_hash"": ""a096d62a9ff72353dfe7d00485137323a78879e741b748db3d1b29c65750c9a6""}"
2026-03-08T19:08:38.502793+00:00,kommone,08216023,Iffezheim,RESULT_UPDATED,"{""current_hash"": ""71553a7ba0e1d4c2f62dafee74d4896878cfbc418c12c061ec0db0b1da18a318"", ""previous_hash"": ""49ce84248380c6c74ce7f166f560b5d22035fba8687c8244683738ccec1eb9dc""}"
2026-03-08T19:08:38.502767+00:00,kommone,08216017,"Gernsbach, Stadt",RESULT_UPDATED,"{""current_hash"": ""9ef88f3c6bb65e227eb9a8a363b0b4d09b0da566816f73f0c730e30cfbdf55fd"", ""previous_hash"": ""bd8ebf4ae3e7af8278c1641c49db7d86e2214cd54a7e2b058459a1ad05aad806""}"
2026-03-08T19:08:38.502747+00:00,kommone,08216015,"Gaggenau, Stadt",RESULT_UPDATED,"{""current_hash"": ""7d3876ffd11e99abfc78c2d9e1b1778f513b6586d00d18074e2515a4c1700f6d"", ""previous_hash"": ""c6f20b164474a793b5cbdd93dda2a3a6d844ee72e84f978f26e9f52c768315ee""}"
2026-03-08T19:08:38.502712+00:00,kommone,08216009,Durmersheim,RESULT_UPDATED,"{""current_hash"": ""d420e6a29b92441ac9799dc0097a4f384fbe5f0fe5226afd090808a290a362b9"", ""previous_hash"": ""802919aa65cbb78495027d10a4718899f26465cc7928a5b72248062a0ab31f90""}"
2026-03-08T19:08:38.502675+00:00,kommone,08216006,Bischweier,RESULT_UPDATED,"{""current_hash"": ""fe4a28874c1df1988a4dad51e561af782663a8b6c4d04d03475b168352d91de6"", ""previous_hash"": ""f1cbdba471cc6eb28c8c99dd0c3058bab661f7b71fc63dfb57f962664983238c""}"
2026-03-08T19:08:38.502652+00:00,kommone,08216005,Bietigheim,RESULT_UPDATED,"{""current_hash"": ""70c4cb447facff8e271f5f20008211b5986b326ef6326004173a6e855c8d2a84"", ""previous_hash"": ""081b694b57ac2de186070b7e7cf28fe5767f3b1f6a555c6486c03fec3c2361d3""}"
2026-03-08T19:08:38.502619+00:00,kommone,08216002,Au am Rhein,RESULT_UPDATED,"{""current_hash"": ""928059641e0e139d343abcdbd88f7573ed1a33a3b4fffa7971937ee8785ba372"", ""previous_hash"": ""603922db4497fe886113615d157501cf4cb6972cee0071fcee797622be5cbad9""}"
2026-03-08T19:08:38.501958+00:00,kommone,08135032,Steinheim am Albuch,RESULT_UPDATED,"{""current_hash"": ""54f844b62cc1b5258d69379b0f6cd966230969f055f55db87c3a541fbd9b7f90"", ""previous_hash"": ""fdbc586b8483018be6e13c4006fa46037bdac74598f8f55ce5a2e611b4c882e1""}"
2026-03-08T19:08:38.501940+00:00,kommone,08135031,Sontheim an der Brenz,RESULT_UPDATED,"{""current_hash"": ""ee1e3a44d63e5fe6f9a5e5b76cad225f48892508f760bea8b890d579588e7865"", ""previous_hash"": ""5240a804b6f89a0db6c58c2389558816fc93e522ab6a3382978cf37f41562e7f""}"
2026-03-08T19:08:38.501921+00:00,kommone,08135027,"Niederstotzingen, Stadt",RESULT_UPDATED,"{""current_hash"": ""f02efe4677329436d5c4a94c48ae2aee3eabddc53c7480da396ac393437400d9"", ""previous_hash"": ""2c48e26b65866c71bb7da32945abc8284f3fc8875a589f506fa67963090b8a74""}"
2026-03-08T19:08:38.501900+00:00,kommone,08135026,Nattheim,RESULT_UPDATED,"{""current_hash"": ""1d37a71cec44cb98bbc5dc1464d5d22b52fc6487f6539daec10f6fbc0d6c5092"", ""previous_hash"": ""96fd3d3033f9fea07f7ca6749ba15cd7f665abb99755757204aa429bf7ae8828""}"
2026-03-08T19:08:38.501882+00:00,kommone,08135025,Königsbronn,RESULT_UPDATED,"{""current_hash"": ""f7ab73d287c5c1fbf2477af86ead24ab3d71f2911d01484068f2cc3f6f3ac468"", ""previous_hash"": ""66070525494d3731141ec724077606af5cdee956069629e51356eb51c4bd21e1""}"
2026-03-08T19:08:38.501846+00:00,kommone,08135019,"Heidenheim an der Brenz, Stadt",RESULT_UPDATED,"{""current_hash"": ""6f2f13b37e4ec3bb68fcc791036608545a475f49e34f00c07026ade402bd20d7"", ""previous_hash"": ""d108111e47093270f49fda1d4547af68f620e260a42e790655a1923b9267af8c""}"
2026-03-08T19:08:38.501829+00:00,kommone,08135016,"Giengen an der Brenz, Stadt",RESULT_UPDATED,"{""current_hash"": ""ef6bb95995ca9d84e50655898afc03c0c8c30a9d248e1ad2b3b24eff7201e1b6"", ""previous_hash"": ""5720a4c7263fe0669f928df98a4bcfedfb43bce29f86ccbf216b0affd62cb33f""}"
2026-03-08T19:08:38.501810+00:00,kommone,08135015,Gerstetten,RESULT_UPDATED,"{""current_hash"": ""f768a3077a115281beba2adaa47c1ea4f698e74a6f5fd047a2a4ecb9cfc56fb9"", ""previous_hash"": ""eea99fd4450e9a48175a593ecb44a56edbba8aa830f761d4927439aff580ca18""}"
2026-03-08T19:08:38.501792+00:00,kommone,08135010,Dischingen,RESULT_UPDATED,"{""current_hash"": ""c45ff153febfbbf1f65239bb89a2d510357d8ed8f4148d541b4f8fd94c9c8741"", ""previous_hash"": ""b22b101364ace0f584f3c62f03db88b6012e56daa7c833cde31e8263f8fe5de8""}"
2026-03-08T19:08:38.501774+00:00,kommone,08128139,"Lauda-Königshofen, Stadt",RESULT_UPDATED,"{""current_hash"": ""d77581c00cc0086a3668f677468b7f86259807e9b4af61c8bc4cb740d8c8b349"", ""previous_hash"": ""e99971ae1ecf934b3d407ad2f2b4a0d2b6cbe6d368ff6253f72df86f98e83781""}"
2026-03-08T19:08:38.501740+00:00,kommone,08128131,"Wertheim, Stadt",RESULT_UPDATED,"{""current_hash"": ""9d30081cedb01b165a58f843f488d02d1c8a44208f390d2b8a1e9a40683eb482"", ""previous_hash"": ""fdc1bdafee49b9ebdcb26f48f49e45c6c326ec8f8b6fcb0a2c28d0f0cf5ffd6b""}"
2026-03-08T19:08:38.501706+00:00,kommone,08128115,"Tauberbischofsheim, Stadt",RESULT_UPDATED,"{""current_hash"": ""da55bf96165fb2db83c739672558de4126bd81eaa51781dedc69a368cb0ecc29"", ""previous_hash"": ""9c54dd31851ebcfda586c11602f647f0985d153a7114dea0589f7e1dc2fbdfa1""}"
2026-03-08T19:08:38.501688+00:00,kommone,08128082,"Niederstetten, Stadt",RESULT_UPDATED,"{""current_hash"": ""d249a1a3a42b569843c25f4d3adc943000e7e1d5c41b42d9d5d1fad3ca23d2a0"", ""previous_hash"": ""d9b05b4ba5aaf1727accb8f92ae20817ae8dfd3b0ad145bee64dd67b476de6fb""}"
2026-03-08T19:08:38.501653+00:00,kommone,08128058,Igersheim,RESULT_UPDATED,"{""current_hash"": ""401e9d9e567149eb376c7715d510670ed89c2f5bada82a134a113d4ea1c13a27"", ""previous_hash"": ""baf7b9d778b406474d2e8e6eb62080b3f80ed562636bd2b007308ad93ce57a3c""}"
2026-03-08T19:08:38.501613+00:00,kommone,08128039,"Freudenberg, Stadt",RESULT_UPDATED,"{""current_hash"": ""78fcb51bec9226857cc21b8705be0b15f1ab7b0d20f038ca680ace0c960f2188"", ""previous_hash"": ""e66d28435f239ba483d86153e47a2c6afbfa7697b3ec4275454c8137e38ab6db""}"
2026-03-08T19:08:38.501574+00:00,kommone,08128007,"Bad Mergentheim, Stadt",RESULT_UPDATED,"{""current_hash"": ""1981428847415460a442eb7a361065b76f4ad17f81cf337aaf37ddaa1c4571bb"", ""previous_hash"": ""d83d3073d3cf65ec4f2905905570b2f506b6c64f3f2ed3fdb9d9e22bcc707a70""}"
2026-03-08T19:08:38.501547+00:00,kommone,08127104,Stimpfach,RESULT_UPDATED,"{""current_hash"": ""bb83b4fdc24481592dd7ca68325b36d1bbbb5fb9d3e75bc49c2918b60ba6ad35"", ""previous_hash"": ""6230cacdf72fbb6045e613e8fd4b4879186c490cf6d4fed4aee5886281734710""}"
2026-03-08T19:08:38.501514+00:00,kommone,08127101,Kreßberg,RESULT_UPDATED,"{""current_hash"": ""5bbd9cf02ef9af91bdeb81256ddb9988c387819330ae5f1857b9cfb51b7f6618"", ""previous_hash"": ""bebd0ca5485a0f4047a25e88e546c8c16e8d37a4b883b2fdfb97fb05b4a0fce3""}"
2026-03-08T19:08:38.501495+00:00,kommone,08127100,Rosengarten,RESULT_UPDATED,"{""current_hash"": ""a5dd3ac57db64c8e08225b9ece5b74b3ac4fce50dbefb6975774d5a0495b6155"", ""previous_hash"": ""0dc230c126662fab9bb2a975581a185ec0b913c8bfea8924838b095c6e03ef28""}"
2026-03-08T19:08:38.501468+00:00,kommone,08127091,Wallhausen,RESULT_UPDATED,"{""current_hash"": ""967d71a746b8ab1a5ac97c3d624ee748169a07c12da144d409795a3b764a7301"", ""previous_hash"": ""6c538469757a03f3e5453b58153c08a25c11ccf7b67b79e56f525ca4a412a721""}"
2026-03-08T19:08:38.501449+00:00,kommone,08127089,"Vellberg, Stadt",RESULT_UPDATED,"{""current_hash"": ""91e0a961788c41b24846e90d67f4c798691ff159c86215436ddecf45e659b890"", ""previous_hash"": ""81648d9ac2d4463717d10cac81b699aa292e05411ec7595740368cb2651d0526""}"
2026-03-08T19:08:38.501427+00:00,kommone,08127086,Untermünkheim,RESULT_UPDATED,"{""current_hash"": ""043a0cc5276da0e78fd4a922a41914cd5fe243402ee1e5315153473ae7994159"", ""previous_hash"": ""dd5d3484f58c42ce7d980f34c29a911ff6ae40b0e48c3aeed1f3e89396dcf045""}"
2026-03-08T19:08:38.501393+00:00,kommone,08127076,"Schwäbisch Hall, Stadt",RESULT_UPDATED,"{""current_hash"": ""f1743e5992cf1c726bbed91dc7706d8b716610f5dabfd30a5e356e40a0b9f684"", ""previous_hash"": ""d2ad08e23eb930fa87a8f33664b6ffa4a6c97ad84f13fef9fe22f00dd0ab265d""}"
2026-03-08T19:08:38.501318+00:00,kommone,08127063,Obersontheim,RESULT_UPDATED,"{""current_hash"": ""314d58c3e5e57b9145345c7a735c8931b1278f70e9bc3b2f02ce0f4f81abc75f"", ""previous_hash"": ""55962c669b66c336a72dc20a1197a2730f1c1ac6b0c91c62e0b46e911a2600c6""}"
2026-03-08T19:08:38.501230+00:00,kommone,08127025,"Gaildorf, Stadt",RESULT_UPDATED,"{""current_hash"": ""289b292ccd0e52792e155b62b311983728ee301d1a2f5e027211a63f82d35df6"", ""previous_hash"": ""cf0ed51de803ab645a4658a1fa005092e6522a11ea47361782b308796fc4d7ab""}"
2026-03-08T19:08:38.501202+00:00,kommone,08127014,"Crailsheim, Stadt",RESULT_UPDATED,"{""current_hash"": ""d0d5e8010b6a63e294251b7742eb08120e0030fd4286e23c976e2233bdb72eaa"", ""previous_hash"": ""09df3eee12d8ccb61de9721624ea0bb1ff96cb84fb499ff99b580ac36ff3046f""}"
2026-03-08T19:08:38.501160+00:00,kommone,08127009,Braunsbach,RESULT_UPDATED,"{""current_hash"": ""520c0220abce2f2c1e75474fb0712a11baadb471cd429bda10ee96fecf5ad820"", ""previous_hash"": ""497187e41cc16c3aaa1d5dd7d9b3be85d55413797436c77c056b5ab3cbaba4f1""}"
2026-03-08T19:08:38.501140+00:00,kommone,08127008,Blaufelden,RESULT_UPDATED,"{""current_hash"": ""eba9c30a05ab4a80c75de22f5516051fbd87ca8941dcee3a04059c4384b8a7ec"", ""previous_hash"": ""d0052c529c0f43e5be611aa23362e7b5f71274de9d746b9e8d40fd850922fb26""}"
2026-03-08T19:08:38.501101+00:00,kommone,08126085,"Waldenburg, Stadt",RESULT_UPDATED,"{""current_hash"": ""9e8d9d1932069077613aba7576f84a90b42eeca35fef1cea7b6761e9bc64a8c0"", ""previous_hash"": ""ce005fd0aaa17c145b1795e106ac1fa288ef350a52c1caad1e096ffd8aae0b09""}"
2026-03-08T19:08:38.501074+00:00,kommone,08126069,Pfedelbach,RESULT_UPDATED,"{""current_hash"": ""2024b6a520a42070fdfde1cf3ca2d4b3634edc7035df2f76810592de69485410"", ""previous_hash"": ""951052504319c062b4a3400a3309503579185c9e97de378e53478993ba702b55""}"
2026-03-08T19:08:38.501054+00:00,kommone,08126066,"Öhringen, Stadt",RESULT_UPDATED,"{""current_hash"": ""03d2828a7e570c1ca5a39f384c959fca1f3b9232c40473fda54d070bd5d9b261"", ""previous_hash"": ""07ad5a8c336e77dc3ada282d61a149c81ec9be3b375f9779360a192a554ddb07""}"
2026-03-08T19:08:38.501024+00:00,kommone,08126058,"Neuenstein, Stadt",RESULT_UPDATED,"{""current_hash"": ""356b4e89866edeab5c3c5d7dd0eeb03d3ea337b8e84d2e23085cd0aecb03e971"", ""previous_hash"": ""6d5149db225638d8df1cea082b4852f2e95e36f05c9d7da67f493c70373baecc""}"
2026-03-08T19:08:38.500997+00:00,kommone,08126047,Kupferzell,RESULT_UPDATED,"{""current_hash"": ""4eabab42e5c56e9d007817cd9e968636464964fb4c0ee9f6995f278d54fbb4a5"", ""previous_hash"": ""84d5609018e626741fc2d006f6899c65918c62649d382a64a056fc6d7fe4a386""}"
2026-03-08T19:08:38.500978+00:00,kommone,08126046,"Künzelsau, Stadt",RESULT_UPDATED,"{""current_hash"": ""8f2ffe97a4cf516d222f3958b0ff496812e4477d87adb4e042d1f682e05b2b88"", ""previous_hash"": ""5b897cef3705e29b6d18be9785de713528fcdd88cd9fe240f71fa92aae616277""}"
2026-03-08T19:08:38.500956+00:00,kommone,08126045,"Krautheim, Stadt",RESULT_UPDATED,"{""current_hash"": ""717b68b53c840cc4c44b5bb8c8a7dd1dfdc51dc7991d36c792d01806d0bcb44d"", ""previous_hash"": ""93578adddb91d3d3b6d88aa0f16d0ff6dc40172e98f137b11ad67934db600419""}"
2026-03-08T19:08:38.500936+00:00,kommone,08126039,"Ingelfingen, Stadt",RESULT_UPDATED,"{""current_hash"": ""8120a55ec23b958774563695661b9cfe9cf0f9248500251c8ff6e6911b4b0588"", ""previous_hash"": ""9453acbc06bc561baa01c8a222cb5031edf99d5ab14c276b93c258ff1eb22579""}"
2026-03-08T19:08:38.500916+00:00,kommone,08126028,"Forchtenberg, Stadt",RESULT_UPDATED,"{""current_hash"": ""f5f8033d839d1d2896b91b2c4513dab3ec0dbca475212b74d199aad6187a4c00"", ""previous_hash"": ""100357498e60e04a7cda4f2c752f6d488b4fc53e72ba7aae6cbf8813c3f8c28a""}"
2026-03-08T19:08:38.500874+00:00,kommone,08126011,Bretzfeld,RESULT_UPDATED,"{""current_hash"": ""cddb18f4759c940f2e7500a0d6d10a1c817602066868a632d8b8b47ab4813233"", ""previous_hash"": ""b54b0ce77371a99ea8c8900e6426991c108c8dd3633227c23e795052645fc2ee""}"
2026-03-08T19:08:38.500757+00:00,kommone,08125094,Talheim,RESULT_UPDATED,"{""current_hash"": ""f2f83d9242bf863b235643d0ea8a3f09b7863621933df7e0f0ad624745a90905"", ""previous_hash"": ""1ea6fb5cd1fa47f1452b7e9f93181bbf8eba7adc1619737d6c091dca4b620d5a""}"
2026-03-08T19:08:38.500684+00:00,kommone,08125074,Nordheim,RESULT_UPDATED,"{""current_hash"": ""9030d9b3429b3f4cbe5055b50afdbf94e56d167162eecc359077893a343eba0f"", ""previous_hash"": ""038a3d2da3b195592c049511d9be9eea91ae4c644e0986cd77a668384ec21382""}"
2026-03-08T19:08:38.500504+00:00,kommone,08125030,Flein,RESULT_UPDATED,"{""current_hash"": ""bea724f85f5e24e9420602b484f1ca43af552d6f690a4d5d0286cfad19393b6a"", ""previous_hash"": ""c38a77bfdb7b2faea84e7797bd541742ad3a0fae4cb750d1f76a33f89d18805e""}"
2026-03-08T19:08:38.500283+00:00,kommone,08121000,"Heilbronn, Universitätsstadt",RESULT_UPDATED,"{""current_hash"": ""7f5c521edb5d865f708362bc7cc2d0633d2402b47d173e98b5d34536386cb340"", ""previous_hash"": ""8f10c4d9f83d60f28374f04c3506b2d6dedead0c89fdd6220f7001790b4c1cd1""}"
