ags,municipality_name,source
08111000,Stuttgart-Landeshauptstadt,legacy-2025
08115001,Aidlingen,legacy-2025
08115002,Altdorf,legacy-2025
08115003,Böblingen-Stadt,legacy-2025
08115004,Bondorf,legacy-2025
08115010,Deckenpfronn,legacy-2025
08115013,Ehningen,legacy-2025
08115015,Gärtringen,legacy-2025
08115016,Gäufelden,legacy-2025
08115021,Herrenberg-Stadt,legacy-2025
08115022,Hildrizhausen,legacy-2025
08115024,Holzgerlingen-Stadt,legacy-2025
08115028,Leonberg-Stadt,legacy-2025
08115029,Magstadt,legacy-2025
08115034,Mötzingen,legacy-2025
08115037,Nufringen,legacy-2025
08115041,Renningen-Stadt,legacy-2025
08115042,Rutesheim-Stadt,legacy-2025
08115044,Schönaich,legacy-2025
08115045,Sindelfingen-Stadt,legacy-2025
08115046,Steinenbronn,legacy-2025
08115048,Waldenbuch-Stadt,legacy-2025
08115050,Weil der Stadt-Stadt,legacy-2025
08115051,Weil im Schönbuch,legacy-2025
08115052,Weissach,legacy-2025
08115053,Jettingen,legacy-2025
08115054,Grafenau,legacy-2025
08116004,Altbach,legacy-2025
08116005,Altdorf,legacy-2025
08116006,Altenriet,legacy-2025
08116007,Baltmannsweiler,legacy-2025
08116008,Bempflingen,legacy-2025
08116011,Beuren,legacy-2025
08116012,Bissingen an der Teck,legacy-2025
08116014,Deizisau,legacy-2025
08116015,Denkendorf,legacy-2025
08116016,Dettingen unter Teck,legacy-2025
08116018,Erkenbrechtsweiler,legacy-2025
08116019,Esslingen am Neckar-Stadt,legacy-2025
08116020,Frickenhausen,legacy-2025
08116022,Großbettlingen,legacy-2025
08116027,Hochdorf,legacy-2025
08116029,Holzmaden,legacy-2025
08116033,Kirchheim unter Teck-Stadt,legacy-2025
08116035,Köngen,legacy-2025
08116036,Kohlberg,legacy-2025
08116037,Lichtenwald,legacy-2025
08116041,Neckartailfingen,legacy-2025
08116042,Neckartenzlingen,legacy-2025
08116043,Neidlingen,legacy-2025
08116046,Neuffen-Stadt,legacy-2025
08116047,Neuhausen auf den Fildern,legacy-2025
08116048,Notzingen,legacy-2025
08116049,Nürtingen-Stadt,legacy-2025
08116050,Oberboihingen,legacy-2025
08116053,Ohmden,legacy-2025
08116054,Owen-Stadt,legacy-2025
08116056,Plochingen-Stadt,legacy-2025
08116058,Reichenbach an der Fils,legacy-2025
08116063,Schlaitdorf,legacy-2025
08116068,Unterensingen,legacy-2025
08116070,Weilheim an der Teck-Stadt,legacy-2025
08116071,Wendlingen am Neckar-Stadt,legacy-2025
08116072,Wernau (Neckar)-Stadt,legacy-2025
08116073,Wolfschlugen,legacy-2025
08116076,Aichwald,legacy-2025
08116077,Filderstadt-Stadt,legacy-2025
08116078,Leinfelden-Echterdingen-Stadt,legacy-2025
08116079,Lenningen,legacy-2025
08116080,Ostfildern-Stadt,legacy-2025
08116081,Aichtal-Stadt,legacy-2025
08117001,Adelberg,legacy-2025
08117002,Aichelberg,legacy-2025
08117003,Albershausen,legacy-2025
08117006,Bad Ditzenbach,legacy-2025
08117007,Bad Überkingen,legacy-2025
08117009,Birenbach,legacy-2025
08117010,Böhmenkirch,legacy-2025
08117011,Börtlingen,legacy-2025
08117012,Bad Boll,legacy-2025
08117014,Deggingen,legacy-2025
08117015,Donzdorf-Stadt,legacy-2025
08117016,Drackenstein,legacy-2025
08117017,Dürnau,legacy-2025
08117018,Ebersbach an der Fils-Stadt,legacy-2025
08117019,Eislingen/Fils-Stadt,legacy-2025
08117020,Eschenbach,legacy-2025
08117023,Gammelshausen,legacy-2025
08117024,Geislingen an der Steige-Stadt,legacy-2025
08117025,Gingen an der Fils,legacy-2025
08117026,Göppingen-Stadt,legacy-2025
08117028,Gruibingen,legacy-2025
08117029,Hattenhofen,legacy-2025
08117030,Heiningen,legacy-2025
08117031,Hohenstadt,legacy-2025
08117033,Kuchen,legacy-2025
08117035,Mühlhausen im Täle,legacy-2025
08117037,Ottenbach,legacy-2025
08117038,Rechberghausen,legacy-2025
08117042,Salach,legacy-2025
08117043,Schlat,legacy-2025
08117044,Schlierbach,legacy-2025
08117049,Süßen-Stadt,legacy-2025
08117051,Uhingen-Stadt,legacy-2025
08117053,Wäschenbeuren,legacy-2025
08117055,Wangen,legacy-2025
08117058,Wiesensteig-Stadt,legacy-2025
08117060,Zell unter Aichelberg,legacy-2025
08117061,Lauterstein-Stadt,legacy-2025
08118001,Affalterbach,legacy-2025
08118003,Asperg-Stadt,legacy-2025
08118006,Benningen am Neckar,legacy-2025
08118007,Besigheim-Stadt,legacy-2025
08118010,Bönnigheim-Stadt,legacy-2025
08118011,Ditzingen-Stadt,legacy-2025
08118012,Eberdingen,legacy-2025
08118014,Erdmannhausen,legacy-2025
08118015,Erligheim,legacy-2025
08118016,Freudental,legacy-2025
08118018,Gemmrigheim,legacy-2025
08118019,Gerlingen-Stadt,legacy-2025
08118021,Großbottwar-Stadt,legacy-2025
08118027,Hemmingen,legacy-2025
08118028,Hessigheim,legacy-2025
08118040,Kirchheim am Neckar,legacy-2025
08118046,Kornwestheim-Stadt,legacy-2025
08118047,Löchgau,legacy-2025
08118048,Ludwigsburg-Stadt,legacy-2025
08118049,Marbach am Neckar-Stadt,legacy-2025
08118050,Markgröningen-Stadt,legacy-2025
08118051,Möglingen,legacy-2025
08118053,Mundelsheim,legacy-2025
08118054,Murr,legacy-2025
08118059,Oberriexingen-Stadt,legacy-2025
08118060,Oberstenfeld,legacy-2025
08118063,Pleidelsheim,legacy-2025
08118067,Schwieberdingen,legacy-2025
08118068,Sersheim,legacy-2025
08118070,Steinheim an der Murr-Stadt,legacy-2025
08118071,Tamm-Stadt,legacy-2025
08118073,Vaihingen an der Enz-Stadt,legacy-2025
08118074,Walheim,legacy-2025
08118076,Sachsenheim-Stadt,legacy-2025
08118077,Ingersheim,legacy-2025
08118078,Freiberg am Neckar-Stadt,legacy-2025
08118079,Bietigheim-Bissingen-Stadt,legacy-2025
08118080,Korntal-Münchingen-Stadt,legacy-2025
08118081,Remseck am Neckar-Stadt,legacy-2025
08119001,Alfdorf,legacy-2025
08119003,Allmersbach im Tal,legacy-2025
08119004,Althütte,legacy-2025
08119006,Auenwald,legacy-2025
08119008,Backnang-Stadt,legacy-2025
08119018,Burgstetten,legacy-2025
08119020,Fellbach-Stadt,legacy-2025
08119024,Großerlach,legacy-2025
08119037,Kaisersbach,legacy-2025
08119038,Kirchberg an der Murr,legacy-2025
08119041,Korb,legacy-2025
08119042,Leutenbach,legacy-2025
08119044,Murrhardt-Stadt,legacy-2025
08119053,Oppenweiler,legacy-2025
08119055,Plüderhausen,legacy-2025
08119061,Rudersberg,legacy-2025
08119067,Schorndorf-Stadt,legacy-2025
08119068,Schwaikheim,legacy-2025
08119069,Spiegelberg,legacy-2025
08119075,Sulzbach an der Murr,legacy-2025
08119076,Urbach,legacy-2025
08119079,Waiblingen-Stadt,legacy-2025
08119083,Weissach im Tal,legacy-2025
08119084,Welzheim-Stadt,legacy-2025
08119085,Winnenden-Stadt,legacy-2025
08119086,Winterbach,legacy-2025
08119087,Aspach,legacy-2025
08119089,Berglen,legacy-2025
08119090,Remshalden,legacy-2025
08119091,Weinstadt-Stadt,legacy-2025
08119093,Kernen im Remstal,legacy-2025
08121000,Heilbronn-Stadt,legacy-2025
08125001,Abstatt,legacy-2025
08125005,Bad Friedrichshall-Stadt,legacy-2025
08125006,Bad Rappenau-Stadt,legacy-2025
08125007,Bad Wimpfen-Stadt,legacy-2025
08125008,Beilstein-Stadt,legacy-2025
08125013,Brackenheim-Stadt,legacy-2025
08125017,Cleebronn,legacy-2025
08125021,Eberstadt,legacy-2025
08125024,Ellhofen,legacy-2025
08125026,Eppingen-Stadt,legacy-2025
08125027,Erlenbach,legacy-2025
08125030,Flein,legacy-2025
08125034,Gemmingen,legacy-2025
08125038,Güglingen-Stadt,legacy-2025
08125039,Gundelsheim-Stadt,legacy-2025
08125046,Ilsfeld,legacy-2025
08125047,Ittlingen,legacy-2025
08125048,Jagsthausen,legacy-2025
08125049,Kirchardt,legacy-2025
08125056,Lauffen am Neckar-Stadt,legacy-2025
08125057,Lehrensteinsfeld,legacy-2025
08125058,Leingarten-Stadt,legacy-2025
08125059,Löwenstein-Stadt,legacy-2025
08125061,Massenbachhausen,legacy-2025
08125063,Möckmühl-Stadt,legacy-2025
08125065,Neckarsulm-Stadt,legacy-2025
08125066,Neckarwestheim,legacy-2025
08125068,Neudenau-Stadt,legacy-2025
08125069,Neuenstadt am Kocher-Stadt,legacy-2025
08125074,Nordheim,legacy-2025
08125078,Oedheim,legacy-2025
08125079,Offenau,legacy-2025
08125081,Pfaffenhofen,legacy-2025
08125084,Roigheim,legacy-2025
08125086,Schwaigern-Stadt,legacy-2025
08125087,Siegelsbach,legacy-2025
08125094,Talheim,legacy-2025
08125096,Untereisesheim,legacy-2025
08125098,Untergruppenbach,legacy-2025
08125102,Weinsberg-Stadt,legacy-2025
08125103,Widdern-Stadt,legacy-2025
08125107,Wüstenrot,legacy-2025
08125108,Zaberfeld,legacy-2025
08125110,Obersulm,legacy-2025
08125111,Hardthausen am Kocher,legacy-2025
08125113,Langenbrettach,legacy-2025
08126011,Bretzfeld,legacy-2025
08126020,Dörzbach,legacy-2025
08126028,Forchtenberg-Stadt,legacy-2025
08126039,Ingelfingen-Stadt,legacy-2025
08126045,Krautheim-Stadt,legacy-2025
08126046,Künzelsau-Stadt,legacy-2025
08126047,Kupferzell,legacy-2025
08126056,Mulfingen,legacy-2025
08126058,Neuenstein-Stadt,legacy-2025
08126060,Niedernhall-Stadt,legacy-2025
08126066,Öhringen-Stadt,legacy-2025
08126069,Pfedelbach,legacy-2025
08126072,Schöntal,legacy-2025
08126085,Waldenburg-Stadt,legacy-2025
08126086,Weißbach,legacy-2025
08126094,Zweiflingen,legacy-2025
08127008,Blaufelden,legacy-2025
08127009,Braunsbach,legacy-2025
08127012,Bühlertann,legacy-2025
08127013,Bühlerzell,legacy-2025
08127014,Crailsheim-Stadt,legacy-2025
08127023,Fichtenberg,legacy-2025
08127025,Gaildorf-Stadt,legacy-2025
08127032,Gerabronn-Stadt,legacy-2025
08127043,Ilshofen-Stadt,legacy-2025
08127046,Kirchberg an der Jagst-Stadt,legacy-2025
08127047,Langenburg-Stadt,legacy-2025
08127052,Mainhardt,legacy-2025
08127056,Michelbach an der Bilz,legacy-2025
08127059,Michelfeld,legacy-2025
08127062,Oberrot,legacy-2025
08127063,Obersontheim,legacy-2025
08127071,Rot am See,legacy-2025
08127073,Satteldorf,legacy-2025
08127075,Schrozberg-Stadt,legacy-2025
08127076,Schwäbisch Hall-Stadt,legacy-2025
08127079,Sulzbach-Laufen,legacy-2025
08127086,Untermünkheim,legacy-2025
08127089,Vellberg-Stadt,legacy-2025
08127091,Wallhausen,legacy-2025
08127099,Wolpertshausen,legacy-2025
08127100,Rosengarten,legacy-2025
08127101,Kreßberg,legacy-2025
08127102,Fichtenau,legacy-2025
08127103,Frankenhardt,legacy-2025
08127104,Stimpfach,legacy-2025
08128006,Assamstadt,legacy-2025
08128007,Bad Mergentheim-Stadt,legacy-2025
08128014,Boxberg-Stadt,legacy-2025
08128020,Creglingen-Stadt,legacy-2025
08128039,Freudenberg-Stadt,legacy-2025
08128045,Großrinderfeld,legacy-2025
08128047,Grünsfeld-Stadt,legacy-2025
08128058,Igersheim,legacy-2025
08128061,Königheim,legacy-2025
08128064,Külsheim-Stadt,legacy-2025
08128082,Niederstetten-Stadt,legacy-2025
08128115,Tauberbischofsheim-Stadt,legacy-2025
08128126,Weikersheim-Stadt,legacy-2025
08128128,Werbach,legacy-2025
08128131,Wertheim-Stadt,legacy-2025
08128137,Wittighausen,legacy-2025
08128138,Ahorn,legacy-2025
08128139,Lauda-Königshofen-Stadt,legacy-2025
08135010,Dischingen,legacy-2025
08135015,Gerstetten,legacy-2025
08135016,Giengen an der Brenz-Stadt,legacy-2025
08135019,Heidenheim an der Brenz-Stadt,legacy-2025
08135020,Herbrechtingen-Stadt,legacy-2025
08135021,Hermaringen,legacy-2025
08135025,Königsbronn,legacy-2025
08135026,Nattheim,legacy-2025
08135027,Niederstotzingen-Stadt,legacy-2025
08135031,Sontheim an der Brenz,legacy-2025
08135032,Steinheim am Albuch,legacy-2025
08136002,Abtsgmünd,legacy-2025
08136003,Adelmannsfelden,legacy-2025
08136007,Bartholomä,legacy-2025
08136009,Böbingen an der Rems,legacy-2025
08136010,Bopfingen-Stadt,legacy-2025
08136015,Durlangen,legacy-2025
08136018,Ellenberg,legacy-2025
08136019,Ellwangen (Jagst)-Stadt,legacy-2025
08136020,Eschach,legacy-2025
08136021,Essingen,legacy-2025
08136024,Göggingen,legacy-2025
08136027,Gschwend,legacy-2025
08136028,Heubach-Stadt,legacy-2025
08136029,Heuchlingen,legacy-2025
08136033,Hüttlingen,legacy-2025
08136034,Iggingen,legacy-2025
08136035,Jagstzell,legacy-2025
08136037,Kirchheim am Ries,legacy-2025
08136038,Lauchheim-Stadt,legacy-2025
08136040,Leinzell,legacy-2025
08136042,Lorch-Stadt,legacy-2025
08136043,Mögglingen,legacy-2025
08136044,Mutlangen,legacy-2025
08136045,Neresheim-Stadt,legacy-2025
08136046,Neuler,legacy-2025
08136049,Obergröningen,legacy-2025
08136050,Oberkochen-Stadt,legacy-2025
08136060,Rosenberg,legacy-2025
08136061,Ruppertshofen,legacy-2025
08136062,Schechingen,legacy-2025
08136065,Schwäbisch Gmünd-Stadt,legacy-2025
08136066,Spraitbach,legacy-2025
08136068,Stödtlen,legacy-2025
08136070,Täferrot,legacy-2025
08136071,Tannhausen,legacy-2025
08136075,Unterschneidheim,legacy-2025
08136079,Waldstetten,legacy-2025
08136082,Westhausen,legacy-2025
08136084,Wört,legacy-2025
08136087,Riesbürg,legacy-2025
08136088,Aalen-Stadt,legacy-2025
08136089,Rainau,legacy-2025
08211000,Baden-Baden-Stadt,legacy-2025
08212000,Karlsruhe-Stadt,legacy-2025
08215007,Bretten-Stadt,legacy-2025
08215009,Bruchsal-Stadt,legacy-2025
08215017,Ettlingen-Stadt,legacy-2025
08215021,Forst,legacy-2025
08215025,Gondelsheim,legacy-2025
08215029,Hambrücken,legacy-2025
08215039,Kronau,legacy-2025
08215040,Kürnbach,legacy-2025
08215046,Malsch,legacy-2025
08215047,Marxzell,legacy-2025
08215059,Oberderdingen-Stadt,legacy-2025
08215064,Östringen-Stadt,legacy-2025
08215066,Philippsburg-Stadt,legacy-2025
08215082,Sulzfeld,legacy-2025
08215084,Ubstadt-Weiher,legacy-2025
08215089,Walzbachtal,legacy-2025
08215090,Weingarten (Baden),legacy-2025
08215094,Zaisenhausen,legacy-2025
08215096,Karlsbad,legacy-2025
08215097,Kraichtal-Stadt,legacy-2025
08215099,Graben-Neudorf,legacy-2025
08215100,Bad Schönborn,legacy-2025
08215101,Pfinztal,legacy-2025
08215102,Eggenstein-Leopoldshafen,legacy-2025
08215103,Karlsdorf-Neuthard,legacy-2025
08215105,Linkenheim-Hochstetten,legacy-2025
08215106,Waghäusel-Stadt,legacy-2025
08215107,Oberhausen-Rheinhausen,legacy-2025
08215108,Rheinstetten-Stadt,legacy-2025
08215109,Stutensee-Stadt,legacy-2025
08215110,Waldbronn,legacy-2025
08215111,Dettenheim,legacy-2025
08216002,Gemeinde Au am Rhein,legacy-2025
08216005,Gemeinde Bietigheim,legacy-2025
08216006,Gemeinde Bischweier,legacy-2025
08216007,Stadt Bühl,legacy-2025
08216008,Gemeinde Bühlertal,legacy-2025
08216009,Gemeinde Durmersheim,legacy-2025
08216012,Gemeinde Elchesheim-Illingen,legacy-2025
08216013,Gemeinde Forbach,legacy-2025
08216015,Stadt Gaggenau,legacy-2025
08216017,Stadt Gernsbach,legacy-2025
08216022,Gemeinde Hügelsheim,legacy-2025
08216023,Gemeinde Iffezheim,legacy-2025
08216024,Stadt Kuppenheim,legacy-2025
08216028,Stadt Lichtenau,legacy-2025
08216029,Gemeinde Loffenau,legacy-2025
08216033,Gemeinde Muggensturm,legacy-2025
08216039,Gemeinde Ötigheim,legacy-2025
08216041,Gemeinde Ottersweier,legacy-2025
08216043,Stadt Rastatt,legacy-2025
08216049,Gemeinde Sinzheim,legacy-2025
08216052,Gemeinde Steinmauern,legacy-2025
08216059,Gemeinde Weisenbach,legacy-2025
08216063,Gemeinde Rheinmünster,legacy-2025
08221000,Heidelberg-Stadt,legacy-2025
08222000,Mannheim-Universitätsstadt,legacy-2025
08225001,Adelsheim-Stadt,legacy-2025
08225002,Aglasterhausen,legacy-2025
08225009,Billigheim,legacy-2025
08225010,Binau,legacy-2025
08225014,Buchen (Odenwald)-Stadt,legacy-2025
08225024,Fahrenbach,legacy-2025
08225032,Hardheim,legacy-2025
08225033,Haßmersheim,legacy-2025
08225039,Höpfingen,legacy-2025
08225042,Hüffenhardt,legacy-2025
08225052,Limbach,legacy-2025
08225058,Mosbach-Stadt,legacy-2025
08225060,Mudau,legacy-2025
08225064,Neckargerach,legacy-2025
08225067,Neckarzimmern,legacy-2025
08225068,Neunkirchen,legacy-2025
08225074,Obrigheim,legacy-2025
08225075,Osterburken-Stadt,legacy-2025
08225082,Rosenberg,legacy-2025
08225091,Seckach,legacy-2025
08225109,Walldürn-Stadt,legacy-2025
08225113,Zwingenberg,legacy-2025
08225114,Ravenstein-Stadt,legacy-2025
08225115,Schefflenz,legacy-2025
08225116,Schwarzach,legacy-2025
08225117,Elztal,legacy-2025
08225118,Waldbrunn,legacy-2025
08226003,Altlußheim,legacy-2025
08226006,Bammental,legacy-2025
08226009,Brühl,legacy-2025
08226010,Dielheim,legacy-2025
08226012,Dossenheim,legacy-2025
08226013,Eberbach-Stadt,legacy-2025
08226017,Epfenbach,legacy-2025
08226018,Eppelheim-Stadt,legacy-2025
08226020,Eschelbronn,legacy-2025
08226022,Gaiberg,legacy-2025
08226027,Heddesbach,legacy-2025
08226028,Heddesheim,legacy-2025
08226029,Heiligkreuzsteinach,legacy-2025
08226031,Hemsbach-Stadt,legacy-2025
08226032,Hockenheim-Stadt,legacy-2025
08226036,Ilvesheim,legacy-2025
08226037,Ketsch,legacy-2025
08226038,Ladenburg-Stadt,legacy-2025
08226040,Laudenbach,legacy-2025
08226041,Leimen-Stadt,legacy-2025
08226046,Malsch,legacy-2025
08226048,Mauer,legacy-2025
08226049,Meckesheim,legacy-2025
08226054,Mühlhausen,legacy-2025
08226055,Neckarbischofsheim-Stadt,legacy-2025
08226056,Neckargemünd-Stadt,legacy-2025
08226058,Neidenstein,legacy-2025
08226059,Neulußheim,legacy-2025
08226060,Nußloch,legacy-2025
08226062,Oftersheim,legacy-2025
08226063,Plankstadt,legacy-2025
08226065,Rauenberg-Stadt,legacy-2025
08226066,Reichartshausen,legacy-2025
08226068,Reilingen,legacy-2025
08226076,Sandhausen,legacy-2025
08226080,Schönau-Stadt,legacy-2025
08226081,Schönbrunn,legacy-2025
08226082,Schriesheim-Stadt,legacy-2025
08226084,Schwetzingen-Stadt,legacy-2025
08226085,Sinsheim-Stadt,legacy-2025
08226086,Spechbach,legacy-2025
08226091,Waibstadt-Stadt,legacy-2025
08226095,Walldorf-Stadt,legacy-2025
08226096,Weinheim-Stadt,legacy-2025
08226097,Wiesenbach,legacy-2025
08226098,Wiesloch-Stadt,legacy-2025
08226099,Wilhelmsfeld,legacy-2025
08226101,Zuzenhausen,legacy-2025
08226102,Angelbachtal,legacy-2025
08226103,St. Leon-Rot,legacy-2025
08226104,Lobbach,legacy-2025
08226105,Edingen-Neckarhausen,legacy-2025
08226106,Helmstadt-Bargen,legacy-2025
08226107,Hirschberg an der Bergstraße,legacy-2025
08231000,Pforzheim-Stadt,legacy-2025
08235006,Altensteig-Stadt,legacy-2025
08235007,Althengstett,legacy-2025
08235008,Bad Liebenzell-Stadt,legacy-2025
08235018,Dobel,legacy-2025
08235020,Ebhausen,legacy-2025
08235022,Egenhausen,legacy-2025
08235025,Enzklösterle,legacy-2025
08235029,Gechingen,legacy-2025
08235032,Haiterbach-Stadt,legacy-2025
08235033,Bad Herrenalb-Stadt,legacy-2025
08235035,Höfen an der Enz,legacy-2025
08235046,Nagold-Stadt,legacy-2025
08235047,Neubulach-Stadt,legacy-2025
08235050,Neuweiler,legacy-2025
08235055,Oberreichenbach,legacy-2025
08235057,Ostelsheim,legacy-2025
08235060,Rohrdorf,legacy-2025
08235065,Schömberg,legacy-2025
08235066,Simmersfeld,legacy-2025
08235067,Simmozheim,legacy-2025
08235073,Unterreichenbach,legacy-2025
08235079,Bad Wildbad-Stadt,legacy-2025
08235080,Wildberg-Stadt,legacy-2025
08235084,Bad Teinach-Zavelstein-Stadt,legacy-2025
08235085,Calw-Stadt,legacy-2025
08236004,Birkenfeld,legacy-2025
08236011,Eisingen,legacy-2025
08236013,Engelsbrand,legacy-2025
08236019,Friolzheim,legacy-2025
08236025,Heimsheim-Stadt,legacy-2025
08236028,Illingen,legacy-2025
08236030,Ispringen,legacy-2025
08236031,Kieselbronn,legacy-2025
08236033,Knittlingen-Stadt,legacy-2025
08236038,Maulbronn-Stadt,legacy-2025
08236039,Mönsheim,legacy-2025
08236040,Mühlacker-Stadt,legacy-2025
08236043,Neuenbürg-Stadt,legacy-2025
08236044,Neuhausen,legacy-2025
08236046,Niefern-Öschelbronn,legacy-2025
08236050,Ötisheim,legacy-2025
08236061,Sternenfels,legacy-2025
08236062,Tiefenbronn,legacy-2025
08236065,Wiernsheim,legacy-2025
08236067,Wimsheim,legacy-2025
08236068,Wurmberg,legacy-2025
08236070,Keltern,legacy-2025
08236071,Remchingen,legacy-2025
08236072,Straubenhardt,legacy-2025
08236073,Neulingen,legacy-2025
08236074,Kämpfelbach,legacy-2025
08236075,Ölbronn-Dürrn,legacy-2025
08236076,Königsbach-Stein,legacy-2025
08237002,Alpirsbach-Stadt,legacy-2025
08237004,Baiersbronn,legacy-2025
08237019,Dornstetten-Stadt,legacy-2025
08237024,Empfingen,legacy-2025
08237027,Eutingen im Gäu,legacy-2025
08237028,Freudenstadt-Stadt,legacy-2025
08237030,Glatten,legacy-2025
08237032,Grömbach,legacy-2025
08237040,Horb am Neckar-Stadt,legacy-2025
08237045,Loßburg,legacy-2025
08237054,Pfalzgrafenweiler,legacy-2025
08237061,Schopfloch,legacy-2025
08237072,Wörnersberg,legacy-2025
08237073,Seewald,legacy-2025
08237074,Waldachtal,legacy-2025
08237075,Bad Rippoldsau-Schapbach,legacy-2025
08311000,Freiburg im Breisgau,legacy-2025
08315003,Au,legacy-2025
08315004,Auggen,legacy-2025
08315006,Bad Krozingen-Stadt,legacy-2025
08315007,Badenweiler,legacy-2025
08315008,Ballrechten-Dottingen,legacy-2025
08315013,Bötzingen,legacy-2025
08315014,Bollschweil,legacy-2025
08315015,Breisach am Rhein-Stadt,legacy-2025
08315016,Breitnau,legacy-2025
08315020,Buchenbach,legacy-2025
08315022,Buggingen,legacy-2025
08315028,Ebringen,legacy-2025
08315030,Eichstetten am Kaiserstuhl,legacy-2025
08315031,Eisenbach (Hochschwarzwald),legacy-2025
08315033,Eschbach,legacy-2025
08315037,Feldberg (Schwarzwald),legacy-2025
08315039,Friedenweiler,legacy-2025
08315041,Glottertal,legacy-2025
08315043,Gottenheim,legacy-2025
08315047,Gundelfingen,legacy-2025
08315048,Hartheim am Rhein,legacy-2025
08315050,Heitersheim-Stadt,legacy-2025
08315051,Heuweiler,legacy-2025
08315052,Hinterzarten,legacy-2025
08315056,Horben,legacy-2025
08315059,Ihringen,legacy-2025
08315064,Kirchzarten,legacy-2025
08315068,Lenzkirch,legacy-2025
08315070,Löffingen-Stadt,legacy-2025
08315072,Merdingen,legacy-2025
08315073,Merzhausen,legacy-2025
08315074,Müllheim-Stadt,legacy-2025
08315076,Neuenburg am Rhein-Stadt,legacy-2025
08315084,Oberried,legacy-2025
08315089,Pfaffenweiler,legacy-2025
08315094,St. Märgen,legacy-2025
08315095,St. Peter,legacy-2025
08315098,Schallstadt,legacy-2025
08315102,Schluchsee,legacy-2025
08315107,Sölden,legacy-2025
08315108,Staufen im Breisgau-Stadt,legacy-2025
08315109,Stegen,legacy-2025
08315111,Sulzburg-Stadt,legacy-2025
08315113,Titisee-Neustadt-Stadt,legacy-2025
08315115,Umkirch,legacy-2025
08315125,Wittnau,legacy-2025
08315130,Münstertal/Schwarzwald,legacy-2025
08315131,Ehrenkirchen,legacy-2025
08315132,March,legacy-2025
08315133,Vogtsburg im Kaiserstuhl-Stadt,legacy-2025
08316002,Bahlingen am Kaiserstuhl,legacy-2025
08316003,Biederbach,legacy-2025
08316009,Denzlingen,legacy-2025
08316010,Elzach-Stadt,legacy-2025
08316011,Emmendingen-Stadt,legacy-2025
08316012,Endingen am Kaiserstuhl-Stadt,legacy-2025
08316013,Forchheim,legacy-2025
08316014,Gutach im Breisgau,legacy-2025
08316017,Herbolzheim-Stadt,legacy-2025
08316020,Kenzingen-Stadt,legacy-2025
08316024,Malterdingen,legacy-2025
08316036,Reute,legacy-2025
08316037,Riegel am Kaiserstuhl,legacy-2025
08316038,Sasbach am Kaiserstuhl,legacy-2025
08316039,Sexau,legacy-2025
08316042,Simonswald,legacy-2025
08316043,Teningen,legacy-2025
08316045,Vörstetten,legacy-2025
08316049,Weisweil,legacy-2025
08316051,Wyhl am Kaiserstuhl,legacy-2025
08316053,Rheinhausen,legacy-2025
08316054,Freiamt,legacy-2025
08316055,Winden im Elztal,legacy-2025
08316056,Waldkirch-Stadt,legacy-2025
08317001,Achern-Stadt,legacy-2025
08317005,Appenweier,legacy-2025
08317008,Bad Peterstal-Griesbach,legacy-2025
08317009,Berghaupten,legacy-2025
08317011,Biberach,legacy-2025
08317021,Durbach,legacy-2025
08317026,Ettenheim-Stadt,legacy-2025
08317029,Fischerbach,legacy-2025
08317031,Friesenheim,legacy-2025
08317034,Gengenbach-Stadt,legacy-2025
08317039,Gutach (Schwarzwaldbahn),legacy-2025
08317040,Haslach im Kinzigtal-Stadt,legacy-2025
08317041,Hausach-Stadt,legacy-2025
08317046,Hofstetten,legacy-2025
08317047,Hohberg,legacy-2025
08317051,Hornberg-Stadt,legacy-2025
08317056,Kappelrodeck,legacy-2025
08317057,Kehl-Stadt,legacy-2025
08317059,Kippenheim,legacy-2025
08317065,Lahr/Schwarzwald-Stadt,legacy-2025
08317067,Lautenbach,legacy-2025
08317068,Lauf,legacy-2025
08317073,Mahlberg-Stadt,legacy-2025
08317075,Meißenheim,legacy-2025
08317078,Mühlenbach,legacy-2025
08317085,Nordrach,legacy-2025
08317088,Oberharmersbach,legacy-2025
08317089,Oberkirch-Stadt,legacy-2025
08317093,Oberwolfach,legacy-2025
08317096,Offenburg-Stadt,legacy-2025
08317097,Ohlsbach,legacy-2025
08317098,Oppenau-Stadt,legacy-2025
08317100,Ortenberg,legacy-2025
08317102,Ottenhöfen im Schwarzwald,legacy-2025
08317110,Renchen-Stadt,legacy-2025
08317113,Ringsheim,legacy-2025
08317114,Rust,legacy-2025
08317116,Sasbach,legacy-2025
08317118,Sasbachwalden,legacy-2025
08317121,Schuttertal,legacy-2025
08317122,Schutterwald,legacy-2025
08317126,Seebach,legacy-2025
08317127,Seelbach,legacy-2025
08317129,Steinach,legacy-2025
08317141,Willstätt,legacy-2025
08317145,Wolfach-Stadt,legacy-2025
08317146,Zell am Harmersbach-Stadt,legacy-2025
08317150,Schwanau,legacy-2025
08317151,Neuried,legacy-2025
08317152,Kappel-Grafenhausen,legacy-2025
08317153,Rheinau-Stadt,legacy-2025
08325001,Aichhalden,legacy-2025
08325009,Bösingen,legacy-2025
08325011,Dietingen,legacy-2025
08325012,Dornhan-Stadt,legacy-2025
08325014,Dunningen,legacy-2025
08325015,Epfendorf,legacy-2025
08325024,Hardt,legacy-2025
08325036,Lauterbach,legacy-2025
08325045,Oberndorf am Neckar-Stadt,legacy-2025
08325049,Rottweil-Stadt,legacy-2025
08325050,Schenkenzell,legacy-2025
08325051,Schiltach-Stadt,legacy-2025
08325053,Schramberg-Stadt,legacy-2025
08325057,Sulz am Neckar-Stadt,legacy-2025
08325060,Villingendorf,legacy-2025
08325061,Vöhringen,legacy-2025
08325064,Wellendingen,legacy-2025
08325069,Zimmern ob Rottweil,legacy-2025
08325070,Fluorn-Winzeln,legacy-2025
08325071,Eschbronn,legacy-2025
08325072,Deißlingen,legacy-2025
08326003,Bad Dürrheim-Stadt,legacy-2025
08326005,Blumberg-Stadt,legacy-2025
08326006,Bräunlingen-Stadt,legacy-2025
08326010,Dauchingen,legacy-2025
08326012,Donaueschingen-Stadt,legacy-2025
08326017,Furtwangen im Schwarzwald-Stadt,legacy-2025
08326020,Gütenbach,legacy-2025
08326027,Hüfingen-Stadt,legacy-2025
08326031,Königsfeld im Schwarzwald,legacy-2025
08326037,Mönchweiler,legacy-2025
08326041,Niedereschach,legacy-2025
08326052,St. Georgen im Schwarzwald-Stadt,legacy-2025
08326054,Schönwald im Schwarzwald,legacy-2025
08326055,Schonach im Schwarzwald,legacy-2025
08326060,Triberg im Schwarzwald-Stadt,legacy-2025
08326061,Tuningen,legacy-2025
08326065,Unterkirnach,legacy-2025
08326068,Vöhrenbach-Stadt,legacy-2025
08326074,Villingen-Schwenningen-Stadt,legacy-2025
08326075,Brigachtal,legacy-2025
08327002,Aldingen,legacy-2025
08327004,Bärenthal,legacy-2025
08327005,Balgheim,legacy-2025
08327006,Böttingen,legacy-2025
08327007,Bubsheim,legacy-2025
08327008,Buchheim,legacy-2025
08327009,Deilingen,legacy-2025
08327010,Denkingen,legacy-2025
08327011,Dürbheim,legacy-2025
08327012,Durchhausen,legacy-2025
08327013,Egesheim,legacy-2025
08327016,Fridingen an der Donau-Stadt,legacy-2025
08327017,Frittlingen,legacy-2025
08327018,Geisingen-Stadt,legacy-2025
08327019,Gosheim,legacy-2025
08327020,Gunningen,legacy-2025
08327023,Hausen ob Verena,legacy-2025
08327025,Immendingen,legacy-2025
08327027,Irndorf,legacy-2025
08327029,Königsheim,legacy-2025
08327030,Kolbingen,legacy-2025
08327033,Mahlstetten,legacy-2025
08327036,Mühlheim an der Donau-Stadt,legacy-2025
08327038,Neuhausen ob Eck,legacy-2025
08327040,Reichenbach am Heuberg,legacy-2025
08327041,Renquishausen,legacy-2025
08327046,Spaichingen-Stadt,legacy-2025
08327048,Talheim,legacy-2025
08327049,Trossingen-Stadt,legacy-2025
08327050,Tuttlingen-Stadt,legacy-2025
08327051,Wehingen,legacy-2025
08327054,Wurmlingen,legacy-2025
08327055,Seitingen-Oberflacht,legacy-2025
08327056,Rietheim-Weilheim,legacy-2025
08327057,Emmingen-Liptingen,legacy-2025
08335001,Aach-Stadt,legacy-2025
08335002,Allensbach,legacy-2025
08335015,Büsingen am Hochrhein,legacy-2025
08335021,Eigeltingen,legacy-2025
08335022,Engen-Stadt,legacy-2025
08335025,Gaienhofen,legacy-2025
08335026,Gailingen am Hochrhein,legacy-2025
08335028,Gottmadingen,legacy-2025
08335035,Hilzingen,legacy-2025
08335043,Konstanz-Universitätsstadt,legacy-2025
08335055,Moos,legacy-2025
08335057,Mühlingen,legacy-2025
08335061,Öhningen,legacy-2025
08335063,Radolfzell am Bodensee-Stadt,legacy-2025
08335066,Reichenau,legacy-2025
08335075,Singen (Hohentwiel)-Stadt,legacy-2025
08335077,Steißlingen,legacy-2025
08335079,Stockach-Stadt,legacy-2025
08335080,Tengen-Stadt,legacy-2025
08335081,Volkertshausen,legacy-2025
08335096,Hohenfels,legacy-2025
08335097,Mühlhausen-Ehingen,legacy-2025
08335098,Bodman-Ludwigshafen,legacy-2025
08335099,Orsingen-Nenzingen,legacy-2025
08335100,Rielasingen-Worblingen,legacy-2025
08336004,Aitern,legacy-2025
08336006,Bad Bellingen,legacy-2025
08336008,Binzen,legacy-2025
08336010,Böllen,legacy-2025
08336014,Efringen-Kirchen,legacy-2025
08336019,Eimeldingen,legacy-2025
08336024,Fischingen,legacy-2025
08336025,Fröhnd,legacy-2025
08336034,Hasel,legacy-2025
08336036,Hausen im Wiesental,legacy-2025
08336043,Inzlingen,legacy-2025
08336045,Kandern-Stadt,legacy-2025
08336050,Lörrach-Stadt,legacy-2025
08336057,Maulburg,legacy-2025
08336069,Rheinfelden (Baden)-Stadt,legacy-2025
08336073,Rümmingen,legacy-2025
08336075,Schallbach,legacy-2025
08336078,Schliengen,legacy-2025
08336079,Schönau im Schwarzwald-Stadt,legacy-2025
08336080,Schönenberg,legacy-2025
08336081,Schopfheim-Stadt,legacy-2025
08336082,Schwörstadt,legacy-2025
08336084,Steinen,legacy-2025
08336087,Todtnau-Stadt,legacy-2025
08336089,Tunau,legacy-2025
08336090,Utzenfeld,legacy-2025
08336091,Weil am Rhein-Stadt,legacy-2025
08336094,Wembach,legacy-2025
08336096,Wieden,legacy-2025
08336100,Wittlingen,legacy-2025
08336103,Zell im Wiesental-Stadt,legacy-2025
08336104,Malsburg-Marzell,legacy-2025
08336105,Grenzach-Wyhlen,legacy-2025
08336106,Häg-Ehrsberg,legacy-2025
08336107,Kleines Wiesental,legacy-2025
08336991,Briefwahl für mehrere Gemeinden,legacy-2025
08337002,Albbruck,legacy-2025
08337013,Bernau im Schwarzwald,legacy-2025
08337022,Bonndorf im Schwarzwald-Stadt,legacy-2025
08337027,Dachsberg (Südschwarzwald),legacy-2025
08337030,Dettighofen,legacy-2025
08337032,Dogern,legacy-2025
08337038,Görwihl,legacy-2025
08337039,Grafenhausen,legacy-2025
08337045,Häusern,legacy-2025
08337049,Herrischried,legacy-2025
08337051,Höchenschwand,legacy-2025
08337053,Hohentengen am Hochrhein,legacy-2025
08337059,Ibach,legacy-2025
08337060,Jestetten,legacy-2025
08337062,Klettgau,legacy-2025
08337065,Lauchringen,legacy-2025
08337066,Laufenburg (Baden)-Stadt,legacy-2025
08337070,Lottstetten,legacy-2025
08337076,Murg,legacy-2025
08337090,Rickenbach,legacy-2025
08337096,Bad Säckingen-Stadt,legacy-2025
08337097,St. Blasien-Stadt,legacy-2025
08337106,Stühlingen-Stadt,legacy-2025
08337108,Todtmoos,legacy-2025
08337116,Wehr-Stadt,legacy-2025
08337118,Weilheim,legacy-2025
08337123,Wutöschingen,legacy-2025
08337124,Eggingen,legacy-2025
08337125,Küssaberg,legacy-2025
08337126,Waldshut-Tiengen-Stadt,legacy-2025
08337127,Wutach,legacy-2025
08337128,Ühlingen-Birkendorf,legacy-2025
08415014,Dettingen an der Erms,legacy-2025
08415019,Eningen unter Achalm,legacy-2025
08415027,Gomadingen,legacy-2025
08415028,Grabenstetten,legacy-2025
08415029,Grafenberg,legacy-2025
08415034,Hayingen-Stadt,legacy-2025
08415039,Hülben,legacy-2025
08415048,Mehrstetten,legacy-2025
08415050,Metzingen-Stadt,legacy-2025
08415053,Münsingen-Stadt,legacy-2025
08415058,Pfronstetten,legacy-2025
08415059,Pfullingen-Stadt,legacy-2025
08415060,Pliezhausen,legacy-2025
08415061,Reutlingen-Stadt,legacy-2025
08415062,Riederich,legacy-2025
08415073,Trochtelfingen-Stadt,legacy-2025
08415078,Bad Urach-Stadt,legacy-2025
08415080,Wannweil,legacy-2025
08415085,Zwiefalten,legacy-2025
08415087,Walddorfhäslach,legacy-2025
08415088,Römerstein,legacy-2025
08415089,Engstingen,legacy-2025
08415090,Hohenstein,legacy-2025
08415091,Sonnenbühl,legacy-2025
08415092,Lichtenstein,legacy-2025
08415093,St. Johann,legacy-2025
08416006,Bodelshausen,legacy-2025
08416009,Dettenhausen,legacy-2025
08416011,Dußlingen,legacy-2025
08416015,Gomaringen,legacy-2025
08416018,Hirrlingen,legacy-2025
08416022,Kirchentellinsfurt,legacy-2025
08416023,Kusterdingen,legacy-2025
08416025,Mössingen-Stadt,legacy-2025
08416026,Nehren,legacy-2025
08416031,Ofterdingen,legacy-2025
08416036,Rottenburg am Neckar-Stadt,legacy-2025
08416041,Tübingen-Universitätsstadt,legacy-2025
08416048,Ammerbuch,legacy-2025
08416049,Neustetten,legacy-2025
08416050,Starzach,legacy-2025
08417002,Balingen-Stadt,legacy-2025
08417008,Bisingen,legacy-2025
08417010,Bitz,legacy-2025
08417013,Burladingen-Stadt,legacy-2025
08417014,Dautmergen,legacy-2025
08417015,Dormettingen,legacy-2025
08417016,Dotternhausen,legacy-2025
08417022,Geislingen-Stadt,legacy-2025
08417023,Grosselfingen,legacy-2025
08417025,Haigerloch-Stadt,legacy-2025
08417029,Hausen am Tann,legacy-2025
08417031,Hechingen-Stadt,legacy-2025
08417036,Jungingen,legacy-2025
08417044,Meßstetten-Stadt,legacy-2025
08417045,Nusplingen,legacy-2025
08417047,Obernheim,legacy-2025
08417051,Rangendingen,legacy-2025
08417052,Ratshausen,legacy-2025
08417054,Rosenfeld-Stadt,legacy-2025
08417057,Schömberg-Stadt,legacy-2025
08417063,Straßberg,legacy-2025
08417071,Weilen unter den Rinnen,legacy-2025
08417075,Winterlingen,legacy-2025
08417078,Zimmern unter der Burg,legacy-2025
08417079,Albstadt-Stadt,legacy-2025
08421000,Ulm-Universitätsstadt,legacy-2025
08425002,Allmendingen,legacy-2025
08425004,Altheim,legacy-2025
08425005,Altheim (Alb),legacy-2025
08425008,Amstetten,legacy-2025
08425011,Asselfingen,legacy-2025
08425013,Ballendorf,legacy-2025
08425014,Beimerstetten,legacy-2025
08425017,Berghülen,legacy-2025
08425019,Bernstadt,legacy-2025
08425020,Blaubeuren-Stadt,legacy-2025
08425022,Börslingen,legacy-2025
08425024,Breitingen,legacy-2025
08425028,Dietenheim-Stadt,legacy-2025
08425031,Dornstadt,legacy-2025
08425033,Ehingen (Donau)-Stadt,legacy-2025
08425035,Emeringen,legacy-2025
08425036,Emerkingen,legacy-2025
08425039,Erbach-Stadt,legacy-2025
08425050,Griesingen,legacy-2025
08425052,Grundsheim,legacy-2025
08425055,Hausen am Bussen,legacy-2025
08425062,Holzkirch,legacy-2025
08425064,Hüttisheim,legacy-2025
08425066,Illerrieden,legacy-2025
08425071,Laichingen-Stadt,legacy-2025
08425072,Langenau-Stadt,legacy-2025
08425073,Lauterach,legacy-2025
08425075,Lonsee,legacy-2025
08425079,Merklingen,legacy-2025
08425081,Munderkingen-Stadt,legacy-2025
08425083,Neenstetten,legacy-2025
08425084,Nellingen,legacy-2025
08425085,Nerenstetten,legacy-2025
08425088,Oberdischingen,legacy-2025
08425090,Obermarchtal,legacy-2025
08425091,Oberstadion,legacy-2025
08425092,Öllingen,legacy-2025
08425093,Öpfingen,legacy-2025
08425097,Rammingen,legacy-2025
08425098,Rechtenstein,legacy-2025
08425104,Rottenacker,legacy-2025
08425108,Schelklingen-Stadt,legacy-2025
08425110,Schnürpflingen,legacy-2025
08425112,Setzingen,legacy-2025
08425123,Untermarchtal,legacy-2025
08425124,Unterstadion,legacy-2025
08425125,Unterwachingen,legacy-2025
08425130,Weidenstetten,legacy-2025
08425134,Westerheim,legacy-2025
08425135,Westerstetten,legacy-2025
08425137,Illerkirchberg,legacy-2025
08425138,Staig,legacy-2025
08425139,Heroldstatt,legacy-2025
08425140,Balzheim,legacy-2025
08425141,Blaustein-Stadt,legacy-2025
08425991,Briefwahl für mehrere Gemeinden,legacy-2025
08426001,Achstetten,legacy-2025
08426005,Alleshausen,legacy-2025
08426006,Allmannsweiler,legacy-2025
08426008,Altheim,legacy-2025
08426011,Attenweiler,legacy-2025
08426013,Bad Buchau-Stadt,legacy-2025
08426014,Bad Schussenried-Stadt,legacy-2025
08426019,Berkheim,legacy-2025
08426020,Betzenweiler,legacy-2025
08426021,Biberach an der Riß-Stadt,legacy-2025
08426028,Burgrieden,legacy-2025
08426031,Dettingen an der Iller,legacy-2025
08426035,Dürmentingen,legacy-2025
08426036,Dürnau,legacy-2025
08426038,Eberhardzell,legacy-2025
08426043,Erlenmoos,legacy-2025
08426044,Erolzheim,legacy-2025
08426045,Ertingen,legacy-2025
08426058,Hochdorf,legacy-2025
08426062,Ingoldingen,legacy-2025
08426064,Kanzach,legacy-2025
08426065,Kirchberg an der Iller,legacy-2025
08426066,Kirchdorf an der Iller,legacy-2025
08426067,Langenenslingen,legacy-2025
08426070,Laupheim-Stadt,legacy-2025
08426071,Maselheim,legacy-2025
08426073,Mietingen,legacy-2025
08426074,Mittelbiberach,legacy-2025
08426078,Moosburg,legacy-2025
08426087,Ochsenhausen-Stadt,legacy-2025
08426090,Oggelshausen,legacy-2025
08426097,Riedlingen-Stadt,legacy-2025
08426100,Rot an der Rot,legacy-2025
08426108,Schwendi,legacy-2025
08426109,Seekirch,legacy-2025
08426113,Steinhausen an der Rottum,legacy-2025
08426117,Tannheim,legacy-2025
08426118,Tiefenbach,legacy-2025
08426120,Ummendorf,legacy-2025
08426121,Unlingen,legacy-2025
08426124,Uttenweiler,legacy-2025
08426125,Wain,legacy-2025
08426128,Warthausen,legacy-2025
08426134,Schemmerhofen,legacy-2025
08426135,Gutenzell-Hürbel,legacy-2025
08435005,Bermatingen,legacy-2025
08435010,Daisendorf,legacy-2025
08435013,Eriskirch,legacy-2025
08435015,Frickingen,legacy-2025
08435016,Friedrichshafen-Stadt,legacy-2025
08435018,Hagnau am Bodensee,legacy-2025
08435020,Heiligenberg,legacy-2025
08435024,Immenstaad am Bodensee,legacy-2025
08435029,Kressbronn am Bodensee,legacy-2025
08435030,Langenargen,legacy-2025
08435034,Markdorf-Stadt,legacy-2025
08435035,Meckenbeuren,legacy-2025
08435036,Meersburg-Stadt,legacy-2025
08435042,Neukirch,legacy-2025
08435045,Oberteuringen,legacy-2025
08435047,Owingen,legacy-2025
08435052,Salem,legacy-2025
08435053,Sipplingen,legacy-2025
08435054,Stetten,legacy-2025
08435057,Tettnang-Stadt,legacy-2025
08435059,Überlingen-Stadt,legacy-2025
08435066,Uhldingen-Mühlhofen,legacy-2025
08435067,Deggenhausertal,legacy-2025
08436001,Achberg,legacy-2025
08436003,Aichstetten,legacy-2025
08436004,Aitrach,legacy-2025
08436005,Altshausen,legacy-2025
08436006,Amtzell,legacy-2025
08436008,Aulendorf-Stadt,legacy-2025
08436009,Bad Waldsee-Stadt,legacy-2025
08436010,Bad Wurzach-Stadt,legacy-2025
08436011,Baienfurt,legacy-2025
08436012,Baindt,legacy-2025
08436013,Berg,legacy-2025
08436014,Bergatreute,legacy-2025
08436018,Bodnegg,legacy-2025
08436019,Boms,legacy-2025
08436024,Ebenweiler,legacy-2025
08436027,Eichstegen,legacy-2025
08436032,Fleischwangen,legacy-2025
08436039,Grünkraut,legacy-2025
08436040,Guggenhausen,legacy-2025
08436047,Hoßkirch,legacy-2025
08436049,Isny im Allgäu-Stadt,legacy-2025
08436052,Kißlegg,legacy-2025
08436053,Königseggwald,legacy-2025
08436055,Leutkirch im Allgäu-Stadt,legacy-2025
08436064,Ravensburg-Stadt,legacy-2025
08436067,Riedhausen,legacy-2025
08436069,Schlier,legacy-2025
08436077,Unterwaldhausen,legacy-2025
08436078,Vogt,legacy-2025
08436079,Waldburg,legacy-2025
08436081,Wangen im Allgäu-Stadt,legacy-2025
08436082,Weingarten-Stadt,legacy-2025
08436083,Wilhelmsdorf,legacy-2025
08436085,Wolfegg,legacy-2025
08436087,Wolpertswende,legacy-2025
08436093,Ebersbach-Musbach,legacy-2025
08436094,Argenbühl,legacy-2025
08436095,Horgenzell,legacy-2025
08436096,Fronreute,legacy-2025
08436991,Briefwahl für mehrere Gemeinden,legacy-2025
08437005,Beuron,legacy-2025
08437008,Bingen,legacy-2025
08437031,Gammertingen-Stadt,legacy-2025
08437044,Herbertingen,legacy-2025
08437047,Hettingen-Stadt,legacy-2025
08437053,Hohentengen,legacy-2025
08437056,Illmensee,legacy-2025
08437059,Inzigkofen,legacy-2025
08437065,Krauchenwies,legacy-2025
08437072,Leibertingen,legacy-2025
08437076,Mengen-Stadt,legacy-2025
08437078,Meßkirch-Stadt,legacy-2025
08437082,Neufra,legacy-2025
08437086,Ostrach,legacy-2025
08437088,Pfullendorf-Stadt,legacy-2025
08437100,Bad Saulgau-Stadt,legacy-2025
08437101,Scheer-Stadt,legacy-2025
08437102,Schwenningen,legacy-2025
08437104,Sigmaringen-Stadt,legacy-2025
08437105,Sigmaringendorf,legacy-2025
08437107,Stetten am kalten Markt,legacy-2025
08437114,Veringenstadt-Stadt,legacy-2025
08437118,Wald,legacy-2025
08437123,Sauldorf,legacy-2025
08437124,Herdwangen-Schönach,legacy-2025
